orderid,IsSpoof,cancelled buy,exec sell,cancelled sell,exec buy,microsecond,price,side,time,date,inventory,time diff,ewav_back canc buy,ewav_back canc sell,ewav_back buy/sell,ewav_back sell/buy,TimeDiff_back,TimeDiff_frwd,TimeDiff_min,state
49182674,True,0,0,0,2260,46246143000,139.35,B,2011-04-25 12:50:46.143000,2011-04-25,2260,5143000.0,144.206147597,421.827742498,-1.07335318125,2.925171704,12939133000.0,2347000.0,2347000.0,2
49182677,False,0,100,0,0,46247700000,139.39,S,2011-04-25 12:50:47.700000,2011-04-25,2160,700000.0,353.911843993,199.544914287,0.573008508601,0.5638266073,12840270000.0,543000.0,543000.0,1
49182676,True,0,100,0,0,46248243000,139.4,S,2011-04-25 12:50:48.243000,2011-04-25,2060,543000.0,272.595813519,153.696772704,0.573008508601,0.5638266073,543000.0,13727000.0,543000.0,3
49182678,False,0,0,0,600,46248490000,139.42,B,2011-04-25 12:50:48.490000,2011-04-25,2660,247000.0,242.073200433,136.487311322,0.573008508601,0.5638266073,2347000.0,105247000.0,2347000.0,0
49182679,True,0,2600,0,0,46261970000,139.44,S,2011-04-25 12:51:01.970000,2011-04-25,60,970000.0,376.779011766,0.2091847225,7.49619641771,0.0005551921,13727000.0,2863000.0,2863000.0,3
49182686,True,0,60,0,0,46264833000,139.47,S,2011-04-25 12:51:04.833000,2011-04-25,0,2863000.0,95.1273511404,0.0528139517,7.49619641771,0.0005551921,2863000.0,77874000.0,2863000.0,3
49182705,False,0,1416,0,0,46342707000,139.63,S,2011-04-25 12:52:22.707000,2011-04-25,-1416,4707000.0,159.099598112,268.839109757,-0.524582686371,1.689753544,77874000.0,9990000.0,9990000.0,1
49182712,False,0,100,0,0,46352697000,139.64,S,2011-04-25 12:52:32.697000,2011-04-25,-1516,6697000.0,25.2855291733,2.2061049187,2.43900378237,0.0872477259,9990000.0,5393000.0,5393000.0,1
49182707,False,0,0,0,800,46353737000,139.61,B,2011-04-25 12:52:33.737000,2011-04-25,-716,1040000.0,15.3364486906,1.3380702717,2.43900378237,0.0872477259,105247000.0,6090000.0,6090000.0,0
49182711,False,0,100,0,0,46358090000,139.65,S,2011-04-25 12:52:38.090000,2011-04-25,-816,4353000.0,1.8916392877,0.1650412261,2.43900378237,0.0872477259,5393000.0,217000.0,217000.0,1
49182709,False,0,100,0,0,46358307000,139.66,S,2011-04-25 12:52:38.307000,2011-04-25,-916,217000.0,1.7042359345,0.1486907097,2.43900378237,0.0872477259,217000.0,3000.0,3000.0,1
49182710,False,0,100,0,0,46358310000,139.66,S,2011-04-25 12:52:38.310000,2011-04-25,-1016,3000.0,1.7017796737,0.1484764065,2.43900378237,0.0872477259,3000.0,410000.0,3000.0,1
49182708,False,0,1400,0,0,46358720000,139.67,S,2011-04-25 12:52:38.720000,2011-04-25,-2416,410000.0,1.397324289,0.1219133666,2.43900378237,0.0872477259,410000.0,23630000.0,410000.0,1
49182713,False,0,0,0,100,46359827000,139.71,B,2011-04-25 12:52:39.827000,2011-04-25,-2316,827000.0,739.947318726,0.0716002914,9.24323512785,9.67640392697e-05,6090000.0,643000.0,643000.0,0
49182715,False,0,0,0,600,46360470000,139.72,B,2011-04-25 12:52:40.470000,2011-04-25,-1716,470000.0,1739.80514225,0.0525604812,10.4073191492,3.02105562727e-05,643000.0,147000.0,147000.0,0
49182716,False,0,0,0,600,46360617000,139.72,B,2011-04-25 12:52:40.617000,2011-04-25,-1116,147000.0,1621.09207552,0.0489740934,10.4073191492,3.02105562727e-05,147000.0,216000.0,147000.0,0
49182717,False,0,0,0,600,46360833000,139.72,B,2011-04-25 12:52:40.833000,2011-04-25,-516,216000.0,1461.19396969,0.0441434826,10.4073191492,3.02105562727e-05,216000.0,37000.0,37000.0,0
49182718,False,0,0,0,600,46360870000,139.72,B,2011-04-25 12:52:40.870000,2011-04-25,84,37000.0,1435.43139458,0.0433651809,10.4073191492,3.02105562727e-05,37000.0,147000.0,37000.0,0
49182719,False,0,0,0,200,46361017000,139.72,B,2011-04-25 12:52:41.017000,2011-04-25,284,147000.0,1337.48682666,0.040406221,10.4073191492,3.02105562727e-05,147000.0,106000.0,106000.0,0
49182720,False,0,0,0,100,46361123000,139.72,B,2011-04-25 12:52:41.123000,2011-04-25,384,106000.0,1271.03408848,0.0383986469,10.4073191492,3.02105562727e-05,106000.0,8330000.0,106000.0,0
49182723,False,0,0,0,100,46369453000,139.7,B,2011-04-25 12:52:49.453000,2011-04-25,484,1453000.0,968.042041644,57.0369094385,2.8315769255,0.0589198681,8330000.0,8517000.0,8330000.0,0
49182731,False,0,0,0,100,46377970000,139.7,B,2011-04-25 12:52:57.970000,2011-04-25,584,970000.0,102.838693911,0.9502663681,4.68417462829,0.0092403582,8517000.0,6222107000.0,8517000.0,0
49182729,True,0,400,0,0,46382350000,139.74,S,2011-04-25 12:53:02.350000,2011-04-25,184,350000.0,306.084608657,0.1156968146,7.88064373956,0.0003779897,23630000.0,2747000.0,2747000.0,3
49182742,True,0,184,0,0,46385097000,139.74,S,2011-04-25 12:53:05.097000,2011-04-25,0,2747000.0,81.7109880671,0.0308859079,7.88064373956,0.0003779897,2747000.0,6233873000.0,2747000.0,3
49185010,True,0,0,0,500,52600077000,139.35,B,2011-04-25 14:36:40.077000,2011-04-25,500,6077000.0,1.5922937679,223.293002569,-4.94330922896,140.233546766,6222107000.0,496000.0,496000.0,2
49185015,True,0,0,0,300,52600573000,139.3,B,2011-04-25 14:36:40.573000,2011-04-25,800,496000.0,1.2544711126,175.918933433,-4.94330922896,140.233546766,496000.0,5114000.0,496000.0,2
49185026,True,0,0,0,800,52605687000,139.35,B,2011-04-25 14:36:45.687000,2011-04-25,1600,5114000.0,0.1073200501,15.0498712641,-4.94330922896,140.233546766,5114000.0,2706000.0,2706000.0,2
49185028,False,0,0,0,100,52608393000,139.35,B,2011-04-25 14:36:48.393000,2011-04-25,1700,1393000.0,204.771702945,4.0976264802,3.91148781559,0.0200107067,2706000.0,200000.0,200000.0,0
49185029,False,0,0,0,100,52608593000,139.35,B,2011-04-25 14:36:48.593000,2011-04-25,1800,200000.0,185.999106186,3.7219735532,3.91148781559,0.0200107067,200000.0,127000.0,127000.0,0
49185030,False,0,0,0,100,52608720000,139.35,B,2011-04-25 14:36:48.720000,2011-04-25,1900,127000.0,174.98218626,3.5015172003,3.91148781559,0.0200107067,127000.0,760000.0,127000.0,0
49185035,False,0,0,0,100,52609480000,139.42,B,2011-04-25 14:36:49.480000,2011-04-25,2000,760000.0,121.42533663,2.4298067926,3.91148781559,0.0200107067,760000.0,140000.0,140000.0,0
49185036,False,0,0,0,100,52609620000,139.42,B,2011-04-25 14:36:49.620000,2011-04-25,2100,140000.0,113.521457084,2.2716445775,3.91148781559,0.0200107067,140000.0,7683000.0,140000.0,0
49185041,False,0,0,0,500,52617303000,139.37,B,2011-04-25 14:36:57.303000,2011-04-25,2600,303000.0,2696.75593486,0.0565151832,10.7730507713,2.09567289689e-05,7683000.0,12939133000.0,7683000.0,0
49185038,True,0,2100,0,0,52618970000,139.42,S,2011-04-25 14:36:58.970000,2011-04-25,500,1667000.0,1209.98412214,0.0253573093,10.7730507713,2.09567289689e-05,6233873000.0,2453000.0,2453000.0,3
49185046,True,0,500,0,0,52621423000,139.38,S,2011-04-25 14:37:01.423000,2011-04-25,0,2453000.0,372.052730629,0.0077970082,10.7730507713,2.09567289689e-05,2453000.0,12840270000.0,2453000.0,3
49710129,False,0,0,0,330,29040370000,91.3000000001,B,2011-06-10 08:04:00.370000,2011-06-10,330,1370000.0,983.75676531,0.0,632.785070939,0.0,12939133000.0,87823000.0,87823000.0,0
49710130,False,0,300,0,0,29049793000,91.4500000001,S,2011-06-10 08:04:09.793000,2011-06-10,30,3793000.0,922.091088595,0.0,632.785070939,0.0,12840270000.0,8334000.0,8334000.0,1
49710132,False,0,30,0,0,29058127000,91.5000000001,S,2011-06-10 08:04:18.127000,2011-06-10,0,8334000.0,323.648836038,0.0,632.785070939,0.0,8334000.0,42080000.0,8334000.0,1
49710138,True,0,1000,0,0,29100207000,92.2500000001,S,2011-06-10 08:05:00.207000,2011-06-10,-1000,1207000.0,866.970258464,171.86068896,1.6183204715,0.1982313549,42080000.0,19473000.0,19473000.0,3
49710146,False,0,100,0,0,29119680000,92.0100000001,S,2011-06-10 08:05:19.680000,2011-06-10,-1100,2680000.0,75.0870335679,1574.73946858,-3.0431972317,20.9721891218,19473000.0,283347000.0,19473000.0,1
49710139,True,0,0,0,1000,29128193000,92.0000000001,B,2011-06-10 08:05:28.193000,2011-06-10,-100,2193000.0,25.7690852286,983.564912752,-3.64200811256,38.1684062134,87823000.0,1630000.0,1630000.0,2
49710155,True,0,0,0,100,29129823000,92.0000000001,B,2011-06-10 08:05:29.823000,2011-06-10,0,1630000.0,20.9974637612,801.439726289,-3.64200811256,38.1684062134,1630000.0,264197000.0,1630000.0,2
49710196,False,0,0,0,200,29394020000,92.3500000001,B,2011-06-10 08:09:54.020000,2011-06-10,200,1020000.0,703.785460085,3.08592976537e-12,33.0606416869,4.3847591921e-15,264197000.0,266490000.0,264197000.0,0
49710197,False,0,200,0,0,29403027000,92.4700000001,S,2011-06-10 08:10:03.027000,2011-06-10,0,3027000.0,1017.02558771,9.9533126384e-13,34.5603383404,9.7866885147e-16,283347000.0,268153000.0,268153000.0,1
49710230,False,0,0,0,860,29660510000,92.6900000001,B,2011-06-10 08:14:20.510000,2011-06-10,860,510000.0,1850.05842675,8.90832447092e-27,67.505783837,4.81515845237e-30,266490000.0,1167000.0,1167000.0,0
49710232,False,0,0,0,151,29661677000,92.8800000001,B,2011-06-10 08:14:21.677000,2011-06-10,1011,1167000.0,1597.77043674,7.69351782341e-27,67.505783837,4.81515845237e-30,1167000.0,803533000.0,1167000.0,0
49710233,False,0,1000,0,0,29671180000,92.8900000001,S,2011-06-10 08:14:31.180000,2011-06-10,11,3180000.0,3017.83409432,2.33155146802e-27,69.3355582645,7.72591002404e-31,268153000.0,1993000.0,1993000.0,1
49710237,False,0,11,0,0,29673173000,92.8900000001,S,2011-06-10 08:14:33.173000,2011-06-10,0,1993000.0,2349.40593446,1.81512988596e-27,69.3355582645,7.72591002404e-31,1993000.0,804664000.0,1993000.0,1
49710284,True,0,0,0,400,30465210000,92.2000000001,B,2011-06-10 08:27:45.210000,2011-06-10,400,675210000.0,3.484337918e-35,5.09271424968e-34,-2.68211798787,14.6160170728,803533000.0,12939133000.0,803533000.0,2
49710285,True,0,390,0,0,30477837000,92.3500000001,S,2011-06-10 08:27:57.837000,2011-06-10,10,5837000.0,852.288523614,2.9060101935,5.68114403935,0.0034096554,804664000.0,3373000.0,3373000.0,3
49710289,True,0,10,0,0,30481210000,92.2600000001,S,2011-06-10 08:28:01.210000,2011-06-10,0,3373000.0,557.900925444,1.9022499205,5.68114403935,0.0034096554,3373000.0,12840270000.0,3373000.0,3
49766947,False,0,0,0,750,30294680000,86.4100000001,B,2011-06-16 08:24:54.680000,2011-06-16,750,18680000.0,1.5247361034,0.0,632.785070939,0.0,12939133000.0,52147000.0,52147000.0,0
49766952,False,0,200,0,0,30307303000,86.5000000001,S,2011-06-16 08:25:07.303000,2011-06-16,550,5303000.0,0.0110090455,62.9993068167,-8.65216161608,5722.50399685,12840270000.0,62817000.0,62817000.0,1
49766957,False,0,0,0,800,30346827000,86.4100000001,B,2011-06-16 08:25:46.827000,2011-06-16,1350,17827000.0,0.0914046239,0.3199381727,-1.25283169971,3.5002405676,52147000.0,17763000.0,17763000.0,0
49766969,False,0,0,0,14,30364590000,86.4500000001,B,2011-06-16 08:26:04.590000,2011-06-16,1364,1590000.0,1604.54624682,12.9715305697,4.81783928351,0.008084236,17763000.0,534953000.0,17763000.0,0
49766968,True,0,1300,0,0,30370120000,86.5000000001,S,2011-06-16 08:26:10.120000,2011-06-16,64,1120000.0,449.593014708,1.4957096101,5.70574201195,0.0033268079,62817000.0,3060000.0,3060000.0,3
49766972,True,0,64,0,0,30373180000,86.5000000001,S,2011-06-16 08:26:13.180000,2011-06-16,0,3060000.0,136.051060725,0.4526157488,5.70574201195,0.0033268079,3060000.0,506367000.0,3060000.0,3
49767084,False,0,1000,0,0,30879547000,87.2000000001,S,2011-06-16 08:34:39.547000,2011-06-16,-1000,243547000.0,9.64244021871e-39,5.65523669916e-87,111.05767671,5.86494349033e-49,506367000.0,6923000.0,6923000.0,1
49767089,False,0,1000,0,0,30886470000,87.2000000001,S,2011-06-16 08:34:46.470000,2011-06-16,-2000,1470000.0,6.4524662967e-40,230.76854081,-95.6803565108,3.57643930552e+41,6923000.0,57000.0,57000.0,1
49767090,False,0,900,0,0,30886527000,87.1600000001,S,2011-06-16 08:34:46.527000,2011-06-16,-2900,57000.0,6.3103857279e-40,225.687115502,-95.6803565108,3.57643930552e+41,57000.0,12413000.0,57000.0,1
49767092,False,0,1900,0,0,30898940000,87.2000000001,S,2011-06-16 08:34:58.940000,2011-06-16,-4800,940000.0,85.459849158,71.0368111296,0.184848455827,0.8312302424,12413000.0,16133000.0,12413000.0,1
49767087,False,0,0,0,1000,30899543000,87.1000000001,B,2011-06-16 08:34:59.543000,2011-06-16,-3800,603000.0,67.5251276545,56.1289282272,0.184848455827,0.8312302424,534953000.0,32764000.0,32764000.0,0
49767099,False,0,100,0,0,30915073000,87.0900000001,S,2011-06-16 08:35:15.073000,2011-06-16,-3900,4073000.0,404.741773501,2.0586683322,5.28118993436,0.0050863747,16133000.0,917000.0,917000.0,1
49767101,False,0,100,0,0,30915990000,87.0500000001,S,2011-06-16 08:35:15.990000,2011-06-16,-4000,917000.0,282.886609006,1.4388673018,5.28118993436,0.0050863747,917000.0,7000.0,7000.0,1
49767098,False,0,100,0,0,30915997000,87.1100000001,S,2011-06-16 08:35:15.997000,2011-06-16,-4100,7000.0,282.114147516,1.4349382732,5.28118993436,0.0050863747,7000.0,2350000.0,7000.0,1
49767103,False,0,100,0,0,30918347000,87.0100000001,S,2011-06-16 08:35:18.347000,2011-06-16,-4200,347000.0,112.656460729,87.8968358687,0.248179210384,0.7802201072,2350000.0,2013000.0,2013000.0,1
49767105,False,0,100,0,0,30920360000,87.0100000001,S,2011-06-16 08:35:20.360000,2011-06-16,-4300,360000.0,51.3166310919,213.801278665,-1.42703208669,4.1663155612,2013000.0,933000.0,933000.0,1
49767102,False,0,100,0,0,30921293000,87.0300000001,S,2011-06-16 08:35:21.293000,2011-06-16,-4400,933000.0,35.6433205503,148.501321061,-1.42703208669,4.1663155612,933000.0,1054000.0,933000.0,1
49767108,False,0,100,0,0,30922347000,87.0100000001,S,2011-06-16 08:35:22.347000,2011-06-16,-4500,1054000.0,23.6140770049,98.3836964881,-1.42703208669,4.1663155612,1054000.0,5733000.0,1054000.0,1
49767112,False,0,100,0,0,30928080000,87.0300000001,S,2011-06-16 08:35:28.080000,2011-06-16,-4600,5733000.0,2.5152944959,10.479510599,-1.42703208669,4.1663155612,5733000.0,3000.0,3000.0,1
49767111,False,0,100,0,0,30928083000,87.0300000001,S,2011-06-16 08:35:28.083000,2011-06-16,-4700,3000.0,2.5123486116,10.4672371154,-1.42703208669,4.1663155612,3000.0,1437000.0,3000.0,1
49767113,False,0,100,0,0,30929520000,87.0200000001,S,2011-06-16 08:35:29.520000,2011-06-16,-4800,1437000.0,1.4331716029,5.9710451509,-1.42703208669,4.1663155612,1437000.0,250000.0,250000.0,1
49767114,False,0,100,0,0,30929770000,87.0200000001,S,2011-06-16 08:35:29.770000,2011-06-16,-4900,250000.0,1.2998302025,5.4155027995,-1.42703208669,4.1663155612,250000.0,2443000.0,250000.0,1
49767117,False,0,100,0,0,30932213000,87.0100000001,S,2011-06-16 08:35:32.213000,2011-06-16,-5000,2443000.0,0.5005422679,2.0854170396,-1.42703208669,4.1663155612,2443000.0,79750000.0,2443000.0,1
49767100,False,0,0,0,14,30932307000,87.0000000001,B,2011-06-16 08:35:32.307000,2011-06-16,-4986,94000.0,0.4824963213,2.0102319315,-1.42703208669,4.1663155612,32764000.0,76203000.0,32764000.0,0
49767138,False,0,0,0,150,31008510000,86.9400000001,B,2011-06-16 08:36:48.510000,2011-06-16,-4836,1510000.0,471.2518236,4.1561412144e-06,18.5463161153,8.81936367407e-09,76203000.0,29363000.0,29363000.0,0
49767129,True,0,100,0,0,31011963000,87.0000000001,S,2011-06-16 08:36:51.963000,2011-06-16,-4936,3453000.0,122.310694474,1.07870249579e-06,18.5463161153,8.81936367407e-09,79750000.0,127000.0,127000.0,3
49767122,True,0,100,0,0,31012090000,87.0000000001,S,2011-06-16 08:36:52.090000,2011-06-16,-5036,127000.0,116.390987865,1.02649445037e-06,18.5463161153,8.81936367407e-09,127000.0,130000.0,127000.0,3
49767116,True,0,100,0,0,31012220000,87.0100000001,S,2011-06-16 08:36:52.220000,2011-06-16,-5136,130000.0,110.628070454,9.75669185898e-07,18.5463161153,8.81936367407e-09,130000.0,697000.0,130000.0,3
49767123,True,0,100,0,0,31012917000,86.9800000001,S,2011-06-16 08:36:52.917000,2011-06-16,-5236,697000.0,84.2600823147,7.4312030914e-07,18.5463161153,8.81936367407e-09,697000.0,183000.0,183000.0,3
49767110,True,0,100,0,0,31013100000,87.0400000001,S,2011-06-16 08:36:53.100000,2011-06-16,-5336,183000.0,78.4470487103,6.91853051734e-07,18.5463161153,8.81936367407e-09,183000.0,3000.0,3000.0,3
49767130,True,0,100,0,0,31013103000,86.9700000001,S,2011-06-16 08:36:53.103000,2011-06-16,-5436,3000.0,78.3551724194,6.91042761312e-07,18.5463161153,8.81936367407e-09,3000.0,1284000.0,3000.0,3
49767109,True,0,100,0,0,31014387000,87.0500000001,S,2011-06-16 08:36:54.387000,2011-06-16,-5536,1284000.0,47.4506148804,4.18484229189e-07,18.5463161153,8.81936367407e-09,1284000.0,38160000.0,1284000.0,3
49767144,False,0,0,0,100,31037873000,87.0400000001,B,2011-06-16 08:37:17.873000,2011-06-16,-5436,19873000.0,2.0885252035,4.33876888608e-11,24.5973035545,2.07743190207e-11,29363000.0,67417000.0,29363000.0,0
49767152,True,0,100,0,0,31052547000,87.1500000001,S,2011-06-16 08:37:32.547000,2011-06-16,-5536,14674000.0,0.0067678415,1.4059729821e-13,24.5973035545,2.07743190207e-11,38160000.0,3000.0,3000.0,3
49767154,True,0,100,0,0,31052550000,87.1300000001,S,2011-06-16 08:37:32.550000,2011-06-16,-5636,3000.0,0.0067599151,1.40432632254e-13,24.5973035545,2.07743190207e-11,3000.0,2990000.0,3000.0,3
49767148,True,0,100,0,0,31055540000,87.1800000001,S,2011-06-16 08:37:35.540000,2011-06-16,-5736,2990000.0,0.0021023202,4.36742698486e-14,24.5973035545,2.07743190207e-11,2990000.0,1953000.0,1953000.0,3
49767146,True,0,100,0,0,31057493000,87.2000000001,S,2011-06-16 08:37:37.493000,2011-06-16,-5836,1953000.0,0.0009803466,2.03660339969e-14,24.5973035545,2.07743190207e-11,1953000.0,6917000.0,1953000.0,3
49767145,True,0,100,0,0,31064410000,87.2400000001,S,2011-06-16 08:37:44.410000,2011-06-16,-5936,1410000.0,1636.3617797,1.3660391049e-15,41.6270916363,8.34802622408e-19,6917000.0,4350000.0,4350000.0,3
49767163,True,0,100,0,0,31068760000,87.2400000001,S,2011-06-16 08:37:48.760000,2011-06-16,-6036,4350000.0,299.169971806,2.49747877009e-16,41.6270916363,8.34802622408e-19,4350000.0,1410000.0,1410000.0,3
49767164,True,0,100,0,0,31070170000,87.2100000001,S,2011-06-16 08:37:50.170000,2011-06-16,-6136,1410000.0,172.471262683,1.43979462378e-16,41.6270916363,8.34802622408e-19,1410000.0,0.0,0.0,3
49767165,True,0,100,0,0,31070170000,87.1900000001,S,2011-06-16 08:37:50.170000,2011-06-16,-6236,0.0,172.471262683,1.43979462378e-16,41.6270916363,8.34802622408e-19,0.0,1963000.0,0.0,3
49767167,True,0,100,0,0,31072133000,87.2600000001,S,2011-06-16 08:37:52.133000,2011-06-16,-6336,1963000.0,80.1126488189,6.6878249322e-17,41.6270916363,8.34802622408e-19,1963000.0,1774000.0,1774000.0,3
49767168,True,0,100,0,0,31073907000,87.2300000001,S,2011-06-16 08:37:53.907000,2011-06-16,-6436,1774000.0,40.0634723195,3.34450917551e-17,41.6270916363,8.34802622408e-19,1774000.0,723000.0,723000.0,3
49767169,True,0,100,0,0,31074630000,87.2000000001,S,2011-06-16 08:37:54.630000,2011-06-16,-6536,723000.0,30.2060770045,2.5216112296e-17,41.6270916363,8.34802622408e-19,723000.0,1413000.0,723000.0,3
49767170,True,0,100,0,0,31076043000,87.2300000001,S,2011-06-16 08:37:56.043000,2011-06-16,-6636,1413000.0,17.3933857467,1.45200440339e-17,41.6270916363,8.34802622408e-19,1413000.0,2437000.0,1413000.0,3
49767172,True,0,100,0,0,31078480000,87.2500000001,S,2011-06-16 08:37:58.480000,2011-06-16,-6736,2437000.0,6.713610471,5.60453962704e-18,41.6270916363,8.34802622408e-19,2437000.0,6317000.0,2437000.0,3
49767176,True,0,100,0,0,31084797000,87.3000000001,S,2011-06-16 08:38:04.797000,2011-06-16,-6836,6317000.0,0.5692467715,4.75208697647e-19,41.6270916363,8.34802622408e-19,6317000.0,6403000.0,6317000.0,3
49767174,False,0,100,0,0,31091200000,87.3900000001,S,2011-06-16 08:38:11.200000,2011-06-16,-6936,4200000.0,1287.05071428,3.89618201461e-20,51.8518133687,3.02721716509e-23,6403000.0,37130000.0,6403000.0,1
49767177,False,0,0,0,100,31105290000,87.3000000001,B,2011-06-16 08:38:25.290000,2011-06-16,-6836,14090000.0,5.239375762,1.58607282412e-22,51.8518133687,3.02721716509e-23,67417000.0,2507000.0,2507000.0,0
49767182,False,0,0,0,250,31107797000,87.3000000001,B,2011-06-16 08:38:27.797000,2011-06-16,-6586,1797000.0,869.296404021,5.95689431394e-23,57.9425920353,6.85254682567e-26,2507000.0,17680000.0,2507000.0,0
49767190,False,0,0,0,500,31125477000,87.2800000001,B,2011-06-16 08:38:45.477000,2011-06-16,-6086,1477000.0,402.582958887,5.9658678539e-26,64.0790590665,1.481897761e-28,17680000.0,19843000.0,17680000.0,0
49767194,False,0,100,0,0,31128330000,87.2800000001,S,2011-06-16 08:38:48.330000,2011-06-16,-6186,2853000.0,132.085317654,1.95736936492e-26,64.0790590665,1.481897761e-28,37130000.0,10437000.0,10437000.0,1
49767196,False,0,100,0,0,31138767000,87.2800000001,S,2011-06-16 08:38:58.767000,2011-06-16,-6286,10437000.0,2.2400427145,3.31951428315e-28,64.0790590665,1.481897761e-28,10437000.0,4503000.0,4503000.0,1
49767195,False,0,100,0,0,31143270000,87.3000000001,S,2011-06-16 08:39:03.270000,2011-06-16,-6386,4503000.0,0.3857794521,5.71685706353e-29,64.0790590665,1.481897761e-28,4503000.0,7777000.0,4503000.0,1
49767200,False,0,0,0,200,31145320000,87.3400000001,B,2011-06-16 08:39:05.320000,2011-06-16,-6186,1320000.0,597.300479933,2.56674341056e-29,72.2247500601,4.29723982618e-32,19843000.0,130767000.0,19843000.0,0
49767203,True,0,100,0,0,31151047000,87.3000000001,S,2011-06-16 08:39:11.047000,2011-06-16,-6286,5727000.0,63.771789916,2.74042675414e-30,72.2247500601,4.29723982618e-32,7777000.0,21300000.0,7777000.0,3
49767202,True,0,100,0,0,31172347000,87.3400000001,S,2011-06-16 08:39:32.347000,2011-06-16,-6386,21300000.0,0.0155296905,6.67348044668e-34,72.2247500601,4.29723982618e-32,21300000.0,3000.0,3000.0,3
49767188,True,0,100,0,0,31172350000,87.3500000001,S,2011-06-16 08:39:32.350000,2011-06-16,-6486,3000.0,0.0155115023,6.66566454231e-34,72.2247500601,4.29723982618e-32,3000.0,39290000.0,3000.0,3
49767179,True,0,100,0,0,31211640000,87.3600000001,S,2011-06-16 08:40:11.640000,2011-06-16,-6586,39290000.0,3.35159429032e-09,1.44026044656e-40,72.2247500601,4.29723982618e-32,39290000.0,110000.0,110000.0,3
49767209,True,0,100,0,0,31211750000,87.3800000001,S,2011-06-16 08:40:11.750000,2011-06-16,-6686,110000.0,3.21063067623e-09,1.3796850009e-40,72.2247500601,4.29723982618e-32,110000.0,3000.0,3000.0,3
49767187,True,0,100,0,0,31211753000,87.4000000001,S,2011-06-16 08:40:11.753000,2011-06-16,-6786,3000.0,3.20687042211e-09,1.37806912953e-40,72.2247500601,4.29723982618e-32,3000.0,20000.0,3000.0,3
49767173,True,0,100,0,0,31211773000,87.4400000001,S,2011-06-16 08:40:11.773000,2011-06-16,-6886,20000.0,3.18191435849e-09,1.36734491048e-40,72.2247500601,4.29723982618e-32,20000.0,2950000.0,20000.0,3
49767214,True,0,100,0,0,31214723000,87.5000000001,S,2011-06-16 08:40:14.723000,2011-06-16,-6986,2950000.0,1.00515249386e-09,4.31938132801e-41,72.2247500601,4.29723982618e-32,2950000.0,3664000.0,2950000.0,3
49767216,False,0,50,0,0,31218387000,87.4500000001,S,2011-06-16 08:40:18.387000,2011-06-16,-7036,1387000.0,2.40241470392e-10,55.7173646213,-26.1696684227,2.31922342676e+11,3664000.0,32160000.0,3664000.0,1
49767227,False,0,100,0,0,31250547000,87.2200000001,S,2011-06-16 08:40:50.547000,2011-06-16,-7136,2547000.0,6.8106024691,44.7272743222,-1.8821028946,6.5673006941,32160000.0,2113000.0,2113000.0,1
49767228,False,0,100,0,0,31252660000,87.2200000001,S,2011-06-16 08:40:52.660000,2011-06-16,-7236,2113000.0,2.9834786727,19.593401558,-1.8821028946,6.5673006941,2113000.0,41450000.0,2113000.0,1
49767186,False,0,0,0,100,31276087000,87.2100000001,B,2011-06-16 08:41:16.087000,2011-06-16,-7136,3087000.0,0.0003165334,29.9576514781,-11.4578666825,94642.951281,130767000.0,16150000.0,16150000.0,0
49767237,False,0,0,0,3000,31292237000,87.1700000001,B,2011-06-16 08:41:32.237000,2011-06-16,-4136,10237000.0,36.6742307949,0.05454065,6.51088333326,0.0014871655,16150000.0,9426000.0,9426000.0,0
49767242,True,0,100,0,0,31294110000,87.1800000001,S,2011-06-16 08:41:34.110000,2011-06-16,-4236,1110000.0,1249.17816377,0.0262405434,10.7706907531,2.10062456387e-05,41450000.0,427000.0,427000.0,3
49767241,True,0,100,0,0,31294537000,87.1900000001,S,2011-06-16 08:41:34.537000,2011-06-16,-4336,427000.0,1057.26881259,0.0222092484,10.7706907531,2.10062456387e-05,427000.0,3000.0,3000.0,3
49767240,True,0,100,0,0,31294540000,87.2000000001,S,2011-06-16 08:41:34.540000,2011-06-16,-4436,3000.0,1056.03055139,0.0221832372,10.7706907531,2.10062456387e-05,3000.0,20000.0,3000.0,3
49767236,True,0,100,0,0,31294560000,87.2200000001,S,2011-06-16 08:41:34.560000,2011-06-16,-4536,20000.0,1047.81245644,0.0220106058,10.7706907531,2.10062456387e-05,20000.0,6097000.0,20000.0,3
49767246,False,0,100,0,0,31300657000,87.1900000001,S,2011-06-16 08:41:40.657000,2011-06-16,-4636,5657000.0,96.8166777343,10.9746700167,2.17722937839,0.1133551602,6097000.0,1026000.0,1026000.0,1
49767243,False,0,0,0,100,31301663000,87.1700000001,B,2011-06-16 08:41:41.663000,2011-06-16,-4536,1006000.0,65.3560830621,7.408449267,2.17722937839,0.1133551602,9426000.0,13377000.0,9426000.0,0
49767247,True,0,100,0,0,31301683000,87.1800000001,S,2011-06-16 08:41:41.683000,2011-06-16,-4636,20000.0,64.8474779887,7.3507962574,2.17722937839,0.1133551602,1026000.0,2377000.0,1026000.0,3
49767250,True,0,100,0,0,31304060000,87.1600000001,S,2011-06-16 08:41:44.060000,2011-06-16,-4736,2377000.0,25.6238201914,2.9045922433,2.17722937839,0.1133551602,2377000.0,12063000.0,2377000.0,3
49767253,False,0,0,0,100,31315040000,87.1900000001,B,2011-06-16 08:41:55.040000,2011-06-16,-4636,9040000.0,117.424732349,0.0398445565,7.98856703587,0.00033932,13377000.0,9803000.0,9803000.0,0
49767245,False,0,100,0,0,31316123000,87.2000000001,S,2011-06-16 08:41:56.123000,2011-06-16,-4736,1083000.0,76.918827506,0.0261000941,7.98856703587,0.00033932,12063000.0,1024000.0,1024000.0,1
49767254,False,0,100,0,0,31317147000,87.1800000001,S,2011-06-16 08:41:57.147000,2011-06-16,-4836,1024000.0,51.5602319948,0.0174954163,7.98856703587,0.00033932,1024000.0,37190000.0,1024000.0,1
49767258,False,0,0,0,100,31324843000,87.1800000001,B,2011-06-16 08:42:04.843000,2011-06-16,-4736,4843000.0,364.472467884,0.0008656184,12.950517373,2.37498990034e-06,9803000.0,21334000.0,9803000.0,0
49767257,True,0,0,0,600,31346177000,87.1200000001,B,2011-06-16 08:42:26.177000,2011-06-16,-4136,7177000.0,0.0875852446,38.225768001,-6.07865256515,436.440728744,21334000.0,154916000.0,21334000.0,2
49767271,True,0,100,0,0,31354337000,87.1100000001,S,2011-06-16 08:42:34.337000,2011-06-16,-4236,5337000.0,248.676131198,1.577765875,5.06014152873,0.0063446615,37190000.0,503000.0,503000.0,3
49767270,True,0,100,0,0,31354840000,87.1200000001,S,2011-06-16 08:42:34.840000,2011-06-16,-4336,503000.0,204.315832863,1.2963147981,5.06014152873,0.0063446615,503000.0,13403000.0,503000.0,3
49767266,True,0,100,0,0,31368243000,87.1300000001,S,2011-06-16 08:42:48.243000,2011-06-16,-4436,9243000.0,55.1618734139,0.0069014661,8.98629342242,0.000125113,13403000.0,0.0,0.0,3
49767268,True,0,100,0,0,31368243000,87.1300000001,S,2011-06-16 08:42:48.243000,2011-06-16,-4536,0.0,55.1618734139,0.0069014661,8.98629342242,0.000125113,0.0,627000.0,0.0,3
49767265,True,0,100,0,0,31368870000,87.1500000001,S,2011-06-16 08:42:48.870000,2011-06-16,-4636,627000.0,43.1788218727,0.0054022309,8.98629342242,0.000125113,627000.0,3000.0,3000.0,3
49767264,False,0,100,0,0,31368873000,87.1500000001,S,2011-06-16 08:42:48.873000,2011-06-16,-4736,3000.0,43.1282513278,0.0053959039,8.98629342242,0.000125113,3000.0,16584000.0,3000.0,1
49767284,False,0,100,0,0,31385457000,87.1200000001,S,2011-06-16 08:43:05.457000,2011-06-16,-4836,3457000.0,0.0662747211,227.889266928,-8.14280672659,3438.55489689,16584000.0,3000.0,3000.0,1
49767283,False,0,100,0,0,31385460000,87.1200000001,S,2011-06-16 08:43:05.460000,2011-06-16,-4936,3000.0,0.0661971009,227.622365611,-8.14280672659,3438.55489689,3000.0,71903000.0,3000.0,1
49767306,False,0,100,0,0,31457363000,87.2000000001,S,2011-06-16 08:44:17.363000,2011-06-16,-5036,363000.0,2.46416119599e-05,43.3902007685,-14.3813076279,1760850.74463,71903000.0,2624000.0,2624000.0,1
49767307,False,0,50,0,0,31459987000,87.2300000001,S,2011-06-16 08:44:19.987000,2011-06-16,-5086,2624000.0,8.84132327312e-06,15.568250669,-14.3813076279,1760850.74463,2624000.0,23433000.0,2624000.0,1
49767299,False,0,100,0,0,31483420000,87.2500000001,S,2011-06-16 08:44:43.420000,2011-06-16,-5186,23433000.0,9.35827804443e-10,0.0016478531,-14.3813076279,1760850.74463,23433000.0,13147000.0,13147000.0,1
49767297,False,0,100,0,0,31496567000,87.2700000001,S,2011-06-16 08:44:56.567000,2011-06-16,-5286,12567000.0,14.7599596369,9.69569221027e-06,14.2357469577,6.56891512496e-07,13147000.0,3000.0,3000.0,1
49767298,False,0,100,0,0,31496570000,87.2500000001,S,2011-06-16 08:44:56.570000,2011-06-16,-5386,3000.0,14.7426729401,9.68433672586e-06,14.2357469577,6.56891512496e-07,3000.0,50000.0,3000.0,1
49767295,False,0,100,0,0,31496620000,87.3000000001,S,2011-06-16 08:44:56.620000,2011-06-16,-5486,50000.0,14.4575238331,9.49702469766e-06,14.2357469577,6.56891512496e-07,50000.0,30000.0,30000.0,1
49767296,False,0,100,0,0,31496650000,87.2700000001,S,2011-06-16 08:44:56.650000,2011-06-16,-5586,30000.0,14.2890885786,9.38638100857e-06,14.2357469577,6.56891512496e-07,30000.0,1840000.0,30000.0,1
49767289,False,0,100,0,0,31498490000,87.3500000001,S,2011-06-16 08:44:58.490000,2011-06-16,-5686,1840000.0,6.9639455949,4.57455675478e-06,14.2357469577,6.56891512496e-07,1840000.0,2890000.0,1840000.0,1
49767313,False,0,0,0,250,31501093000,87.3000000001,B,2011-06-16 08:45:01.093000,2011-06-16,-5436,2093000.0,1658.14278614,1.65485424395e-06,20.7252510746,9.98016731604e-10,154916000.0,27640000.0,27640000.0,0
49767288,True,0,100,0,0,31501380000,87.4000000001,S,2011-06-16 08:45:01.380000,2011-06-16,-5536,287000.0,1482.29090163,1.47935112093e-06,20.7252510746,9.98016731604e-10,2890000.0,4053000.0,2890000.0,3
49767287,True,0,100,0,0,31505433000,87.4500000001,S,2011-06-16 08:45:05.433000,2011-06-16,-5636,4053000.0,304.338616473,3.03735031314e-07,20.7252510746,9.98016731604e-10,4053000.0,7000.0,7000.0,3
49767286,True,0,50,0,0,31505440000,87.4600000001,S,2011-06-16 08:45:05.440000,2011-06-16,-5686,7000.0,303.507577273,3.02905640287e-07,20.7252510746,9.98016731604e-10,7000.0,11770000.0,7000.0,3
49767320,False,0,100,0,0,31517210000,87.4700000001,S,2011-06-16 08:45:17.210000,2011-06-16,-5786,8210000.0,7.1056270303,3.05190226246e-09,21.5683877578,4.29504989418e-10,11770000.0,563000.0,563000.0,1
49767321,False,0,100,0,0,31517773000,87.4600000001,S,2011-06-16 08:45:17.773000,2011-06-16,-5886,563000.0,5.7028447805,2.44940028709e-09,21.5683877578,4.29504989418e-10,563000.0,11034000.0,563000.0,1
49767314,True,0,0,0,2900,31528733000,87.4500000001,B,2011-06-16 08:45:28.733000,2011-06-16,-2986,7733000.0,0.0788439367,243.834585329,-8.03677492081,3092.62316904,27640000.0,92914000.0,27640000.0,2
49767324,False,0,100,0,0,31528807000,87.4600000001,S,2011-06-16 08:45:28.807000,2011-06-16,-3086,74000.0,0.0765974789,236.887137923,-8.03677492081,3092.62316904,11034000.0,3000.0,3000.0,1
49767325,False,0,100,0,0,31528810000,87.4600000001,S,2011-06-16 08:45:28.810000,2011-06-16,-3186,3000.0,0.0765077688,236.609698402,-8.03677492081,3092.62316904,3000.0,1237000.0,3000.0,1
49767326,False,0,100,0,0,31530047000,87.4600000001,S,2011-06-16 08:45:30.047000,2011-06-16,-3286,1237000.0,0.0471903378,145.941931978,-8.03677492081,3092.62316904,1237000.0,11243000.0,1237000.0,1
49767333,True,0,100,0,0,31541290000,87.4100000001,S,2011-06-16 08:45:41.290000,2011-06-16,-3386,3290000.0,829.82266521,1.8065373404,6.12980008017,0.0021770161,11243000.0,100000.0,100000.0,3
49767332,True,0,100,0,0,31541390000,87.4200000001,S,2011-06-16 08:45:41.390000,2011-06-16,-3486,100000.0,798.032658131,1.7373299817,6.12980008017,0.0021770161,100000.0,3000.0,3000.0,3
49767330,True,0,100,0,0,31541393000,87.4500000001,S,2011-06-16 08:45:41.393000,2011-06-16,-3586,3000.0,797.098011361,1.7352952406,6.12980008017,0.0021770161,3000.0,17000.0,3000.0,3
49767323,True,0,100,0,0,31541410000,87.4700000001,S,2011-06-16 08:45:41.410000,2011-06-16,-3686,17000.0,791.822318715,1.7238099725,6.12980008017,0.0021770161,17000.0,17000.0,17000.0,3
49767319,True,0,100,0,0,31541427000,87.4700000001,S,2011-06-16 08:45:41.427000,2011-06-16,-3786,17000.0,786.581543899,1.7124007211,6.12980008017,0.0021770161,17000.0,16000.0,16000.0,3
49767318,True,0,100,0,0,31541443000,87.4800000001,S,2011-06-16 08:45:41.443000,2011-06-16,-3886,16000.0,781.680740214,1.7017315924,6.12980008017,0.0021770161,16000.0,44000.0,16000.0,3
49767317,True,0,100,0,0,31541487000,87.4800000001,S,2011-06-16 08:45:41.487000,2011-06-16,-3986,44000.0,768.36040206,1.6727330012,6.12980008017,0.0021770161,44000.0,26000.0,26000.0,3
49767316,True,0,100,0,0,31541513000,87.5000000001,S,2011-06-16 08:45:41.513000,2011-06-16,-4086,26000.0,760.596235872,1.655830286,6.12980008017,0.0021770161,26000.0,17000.0,17000.0,3
49767315,True,0,100,0,0,31541530000,87.5000000001,S,2011-06-16 08:45:41.530000,2011-06-16,-4186,17000.0,755.562134781,1.6448709667,6.12980008017,0.0021770161,17000.0,48163000.0,17000.0,3
49767343,False,0,100,0,0,31589693000,87.6500000001,S,2011-06-16 08:46:29.693000,2011-06-16,-4286,14693000.0,0.0001598768,0.5363380888,-8.11811644551,3354.69624725,48163000.0,17000.0,17000.0,1
49767342,False,0,100,0,0,31589710000,87.7000000001,S,2011-06-16 08:46:29.710000,2011-06-16,-4386,17000.0,0.0001588186,0.5327882682,-8.11811644551,3354.69624725,17000.0,9960000.0,17000.0,1
49767347,True,0,100,0,0,31599670000,87.6000000001,S,2011-06-16 08:46:39.670000,2011-06-16,-4486,8670000.0,67.6389335615,0.0108862345,8.73443993665,0.0001609463,9960000.0,860000.0,860000.0,3
49767348,True,0,100,0,0,31600530000,87.5700000001,S,2011-06-16 08:46:40.530000,2011-06-16,-4586,860000.0,48.3393658918,0.0077800409,8.73443993665,0.0001609463,860000.0,63000.0,63000.0,3
49767346,True,0,100,0,0,31600593000,87.6200000001,S,2011-06-16 08:46:40.593000,2011-06-16,-4686,63000.0,47.1642826455,0.0075909157,8.73443993665,0.0001609463,63000.0,8680000.0,63000.0,3
49767354,True,0,100,0,0,31609273000,87.5000000001,S,2011-06-16 08:46:49.273000,2011-06-16,-4786,6273000.0,1.5888522219,3.9682104137,-0.915303333263,2.4975327215,8680000.0,6757000.0,6757000.0,3
49767353,True,0,100,0,0,31616030000,87.5800000001,S,2011-06-16 08:46:56.030000,2011-06-16,-4886,6757000.0,0.1134445347,0.2833314375,-0.915303333263,2.4975327215,6757000.0,0.0,0.0,3
49767350,True,0,54,0,0,31616030000,87.6500000001,S,2011-06-16 08:46:56.030000,2011-06-16,-4940,0.0,0.1134445347,0.2833314375,-0.915303333263,2.4975327215,0.0,1677000.0,0.0,3
49767352,False,0,100,0,0,31617707000,87.6000000001,S,2011-06-16 08:46:57.707000,2011-06-16,-5040,707000.0,1517.42396525,0.1471627688,9.24098545073,9.69819721621e-05,1677000.0,40103000.0,1677000.0,1
49767359,False,0,0,0,100,31621647000,87.7000000001,B,2011-06-16 08:47:01.647000,2011-06-16,-4940,647000.0,2489.11902094,0.0315785074,11.2749626543,1.26866201122e-05,92914000.0,1366000.0,1366000.0,0
49767360,False,0,0,0,500,31623013000,87.7500000001,B,2011-06-16 08:47:03.013000,2011-06-16,-4440,1366000.0,1459.85204424,0.0185205883,11.2749626543,1.26866201122e-05,1366000.0,21587000.0,1366000.0,0
49767366,False,0,0,0,100,31644600000,87.6900000001,B,2011-06-16 08:47:24.600000,2011-06-16,-4340,1600000.0,590.065673881,1.2148138668,6.18564297332,0.0020587774,21587000.0,25937000.0,21587000.0,0
49767372,False,0,100,0,0,31657810000,87.6400000001,S,2011-06-16 08:47:37.810000,2011-06-16,-4440,5810000.0,3.3874505637,414.915415388,-4.80799708773,122.486042994,40103000.0,18817000.0,18817000.0,1
49767377,False,0,0,0,500,31670537000,87.6000000001,B,2011-06-16 08:47:50.537000,2011-06-16,-3940,1537000.0,274.322133892,665.749971197,-0.886611094458,2.4268911945,25937000.0,306143000.0,25937000.0,0
49767380,False,0,100,0,0,31676627000,87.5800000001,S,2011-06-16 08:47:56.627000,2011-06-16,-4040,6090000.0,25.4164559671,61.6829731818,-0.886611094458,2.4268911945,18817000.0,3000.0,3000.0,1
49767379,False,0,100,0,0,31676630000,87.5800000001,S,2011-06-16 08:47:56.630000,2011-06-16,-4140,3000.0,25.386688503,61.6107307854,-0.886611094458,2.4268911945,3000.0,1173000.0,3000.0,1
49767381,False,0,100,0,0,31677803000,87.5800000001,S,2011-06-16 08:47:57.803000,2011-06-16,-4240,1173000.0,16.0550242338,38.9637969404,-0.886611094458,2.4268911945,1173000.0,11710000.0,1173000.0,1
49767378,True,0,100,0,0,31689513000,87.6000000001,S,2011-06-16 08:48:09.513000,2011-06-16,-4340,6513000.0,314.327672186,0.4018863995,6.66202180236,0.0012785588,11710000.0,4000.0,4000.0,3
49767376,True,0,1375,0,0,31689517000,87.6600000001,S,2011-06-16 08:48:09.517000,2011-06-16,-5715,4000.0,313.8369187,0.4012589423,6.66202180236,0.0012785588,4000.0,40000.0,4000.0,3
49767387,True,0,100,0,0,31689557000,87.6000000001,S,2011-06-16 08:48:09.557000,2011-06-16,-5815,40000.0,308.97132826,0.3950379991,6.66202180236,0.0012785588,40000.0,26000.0,26000.0,3
49767388,True,0,100,0,0,31689583000,87.5700000001,S,2011-06-16 08:48:09.583000,2011-06-16,-5915,26000.0,305.849219503,0.3910461995,6.66202180236,0.0012785588,26000.0,30000.0,26000.0,3
49767374,True,0,100,0,0,31689613000,87.6200000001,S,2011-06-16 08:48:09.613000,2011-06-16,-6015,30000.0,302.285968166,0.3864903733,6.66202180236,0.0012785588,30000.0,30000.0,30000.0,3
49767371,True,0,100,0,0,31689643000,87.6400000001,S,2011-06-16 08:48:09.643000,2011-06-16,-6115,30000.0,298.764229964,0.3819876241,6.66202180236,0.0012785588,30000.0,30000.0,30000.0,3
49767373,True,0,100,0,0,31689673000,87.6500000001,S,2011-06-16 08:48:09.673000,2011-06-16,-6215,30000.0,295.283521256,0.3775373335,6.66202180236,0.0012785588,30000.0,34000.0,30000.0,3
49767370,True,0,100,0,0,31689707000,87.6600000001,S,2011-06-16 08:48:09.707000,2011-06-16,-6315,34000.0,291.387714844,0.372556316,6.66202180236,0.0012785588,34000.0,10106000.0,34000.0,3
49767391,True,0,100,0,0,31699813000,87.6300000001,S,2011-06-16 08:48:19.813000,2011-06-16,-6415,3813000.0,1133.10344837,0.0071902933,11.9677388803,6.34566357285e-06,10106000.0,9554000.0,9554000.0,3
49767395,True,0,100,0,0,31709367000,87.5100000001,S,2011-06-16 08:48:29.367000,2011-06-16,-6515,9554000.0,27.1311987659,0.0001721655,11.9677388803,6.34566357285e-06,9554000.0,25173000.0,9554000.0,3
49767394,True,0,100,0,0,31734540000,87.6500000001,S,2011-06-16 08:48:54.540000,2011-06-16,-6615,2540000.0,862.415802427,9.23506953727e-09,25.2599952173,1.0708372355e-11,25173000.0,3000.0,3000.0,3
49767393,True,0,100,0,0,31734543000,87.6600000001,S,2011-06-16 08:48:54.543000,2011-06-16,-6715,3000.0,861.405750851,9.2242535289e-09,25.2599952173,1.0708372355e-11,3000.0,34000.0,3000.0,3
49767392,True,0,100,0,0,31734577000,87.7000000001,S,2011-06-16 08:48:54.577000,2011-06-16,-6815,34000.0,850.040842871,9.10255386246e-09,25.2599952173,1.0708372355e-11,34000.0,3720000.0,34000.0,3
49767403,True,0,600,0,0,31738297000,87.8000000001,S,2011-06-16 08:48:58.297000,2011-06-16,-7415,1297000.0,198.772190728,241.006504347,-0.192664523338,1.2124759679,3720000.0,26553000.0,3720000.0,3
49767410,True,0,100,0,0,31764850000,87.6000000001,S,2011-06-16 08:49:24.850000,2011-06-16,-7515,26553000.0,0.0062192483,0.0075406891,-0.192664523338,1.2124759679,26553000.0,23130000.0,23130000.0,3
49767409,True,0,100,0,0,31787980000,87.6500000001,S,2011-06-16 08:49:47.980000,2011-06-16,-7615,5980000.0,259.115107899,8.98447149843e-07,19.4798703479,3.4673669055e-09,23130000.0,16827000.0,16827000.0,3
49767408,True,0,100,0,0,31804807000,87.7000000001,S,2011-06-16 08:50:04.807000,2011-06-16,-7715,16827000.0,0.3621218651,1.25560937068e-09,19.4798703479,3.4673669055e-09,16827000.0,6000.0,6000.0,3
49767407,True,0,100,0,0,31804813000,87.7500000001,S,2011-06-16 08:50:04.813000,2011-06-16,-7815,6000.0,0.3612741358,1.25266998215e-09,19.4798703479,3.4673669055e-09,6000.0,8594000.0,6000.0,3
49767424,True,0,100,0,0,31813407000,87.6400000001,S,2011-06-16 08:50:13.407000,2011-06-16,-7915,8594000.0,0.0125862607,4.36411838418e-11,19.4798703479,3.4673669055e-09,8594000.0,4163000.0,4163000.0,3
49767426,True,0,100,0,0,31817570000,87.6300000001,S,2011-06-16 08:50:17.570000,2011-06-16,-8015,4163000.0,0.002475479,8.58339405723e-12,19.4798703479,3.4673669055e-09,4163000.0,1980000.0,1980000.0,3
49767427,True,0,100,0,0,31819550000,87.6200000001,S,2011-06-16 08:50:19.550000,2011-06-16,-8115,1980000.0,0.0011422459,3.96058567891e-12,19.4798703479,3.4673669055e-09,1980000.0,7460000.0,1980000.0,3
49767425,True,0,100,0,0,31827010000,87.7000000001,S,2011-06-16 08:50:27.010000,2011-06-16,-8215,3010000.0,925.733489211,2.14881065647e-13,35.9992780875,2.32119792738e-16,7460000.0,3000.0,3000.0,3
49767422,True,0,100,0,0,31827013000,87.7300000001,S,2011-06-16 08:50:27.013000,2011-06-16,-8315,3000.0,924.649280681,2.14629399388e-13,35.9992780875,2.32119792738e-16,3000.0,25167000.0,3000.0,3
49767435,True,0,100,0,0,31852180000,87.6500000001,S,2011-06-16 08:50:52.180000,2011-06-16,-8415,25167000.0,0.0497151847,1.15398783682e-17,35.9992780875,2.32119792738e-16,25167000.0,10017000.0,10017000.0,3
49767437,True,0,100,0,0,31862197000,87.6300000001,S,2011-06-16 08:51:02.197000,2011-06-16,-8515,10017000.0,0.0009934414,2.30597409721e-19,35.9992780875,2.32119792738e-16,10017000.0,33000.0,33000.0,3
49767436,True,0,100,0,0,31862230000,87.6500000001,S,2011-06-16 08:51:02.230000,2011-06-16,-8615,33000.0,0.0009807175,2.27643941907e-19,35.9992780875,2.32119792738e-16,33000.0,5797000.0,33000.0,3
49767434,True,0,100,0,0,31868027000,87.6500000001,S,2011-06-16 08:51:08.027000,2011-06-16,-8715,5797000.0,0.0001018836,2.3649207976e-20,35.9992780875,2.32119792738e-16,5797000.0,18423000.0,5797000.0,3
49767431,True,0,100,0,0,31886450000,87.7000000001,S,2011-06-16 08:51:26.450000,2011-06-16,-8815,18423000.0,7.63327613434e-08,1.77183447422e-23,35.9992780875,2.32119792738e-16,18423000.0,930000.0,930000.0,3
49767433,True,0,100,0,0,31887380000,87.6800000001,S,2011-06-16 08:51:27.380000,2011-06-16,-8915,930000.0,5.30811020625e-08,1.23211744091e-23,35.9992780875,2.32119792738e-16,930000.0,20000.0,20000.0,3
49767440,True,0,100,0,0,31887400000,87.6100000001,S,2011-06-16 08:51:27.400000,2011-06-16,-9015,20000.0,5.2668021649e-08,1.22252902691e-23,35.9992780875,2.32119792738e-16,20000.0,2610000.0,20000.0,3
49767432,True,0,100,0,0,31890010000,87.7000000001,S,2011-06-16 08:51:30.010000,2011-06-16,-9115,2610000.0,1.9000726619e-08,4.41044472468e-24,35.9992780875,2.32119792738e-16,2610000.0,297000.0,297000.0,3
49767443,True,0,100,0,0,31890307000,87.6800000001,S,2011-06-16 08:51:30.307000,2011-06-16,-9215,297000.0,1.6919411911e-08,3.92733038604e-24,35.9992780875,2.32119792738e-16,297000.0,1290000.0,297000.0,3
49767442,True,0,100,0,0,31891597000,87.7200000001,S,2011-06-16 08:51:31.597000,2011-06-16,-9315,1290000.0,1.0222133768e-08,2.37275957156e-24,35.9992780875,2.32119792738e-16,1290000.0,1446000.0,1290000.0,3
49767445,True,0,100,0,0,31893043000,87.7000000001,S,2011-06-16 08:51:33.043000,2011-06-16,-9415,1446000.0,5.81076130906e-09,1.34879271071e-24,35.9992780875,2.32119792738e-16,1446000.0,477000.0,477000.0,3
49767446,True,0,100,0,0,31893520000,87.6500000001,S,2011-06-16 08:51:33.520000,2011-06-16,-9515,477000.0,4.82293889517e-09,1.11949957674e-24,35.9992780875,2.32119792738e-16,477000.0,3510000.0,477000.0,3
49767447,True,0,100,0,0,31897030000,87.6600000001,S,2011-06-16 08:51:37.030000,2011-06-16,-9615,3510000.0,1.22420263461e-09,2.84161661816e-25,35.9992780875,2.32119792738e-16,3510000.0,11123000.0,3510000.0,3
49767450,True,0,100,0,0,31908153000,87.7000000001,S,2011-06-16 08:51:48.153000,2011-06-16,-9715,11123000.0,1.58809952261e-11,3.68629332036e-27,35.9992780875,2.32119792738e-16,11123000.0,1117000.0,1117000.0,3
49767448,True,0,100,0,0,31909270000,87.7300000001,S,2011-06-16 08:51:49.270000,2011-06-16,-9815,1117000.0,1.02655640778e-11,2.38284060608e-27,35.9992780875,2.32119792738e-16,1117000.0,39800000.0,1117000.0,3
49767441,True,0,100,0,0,31949070000,87.7300000001,S,2011-06-16 08:52:29.070000,2011-06-16,-9915,34070000.0,0.0041504117,4.21864488388e-34,71.3638314637,1.01644009433e-31,39800000.0,3000.0,3000.0,3
49767462,True,0,100,0,0,31949073000,87.7400000001,S,2011-06-16 08:52:29.073000,2011-06-16,-10015,3000.0,0.0041455508,4.21370405499e-34,71.3638314637,1.01644009433e-31,3000.0,3407000.0,3000.0,3
49767463,True,0,100,0,0,31952480000,87.7100000001,S,2011-06-16 08:52:32.480000,2011-06-16,-10115,3407000.0,0.0010954621,1.11347160745e-34,71.3638314637,1.01644009433e-31,3407000.0,7000.0,7000.0,3
49767464,True,0,100,0,0,31952487000,87.7300000001,S,2011-06-16 08:52:32.487000,2011-06-16,-10215,7000.0,0.0010924708,1.11043111734e-34,71.3638314637,1.01644009433e-31,7000.0,40000.0,7000.0,3
49767421,True,0,100,0,0,31952527000,87.7600000001,S,2011-06-16 08:52:32.527000,2011-06-16,-10315,40000.0,0.0010755336,1.09321547856e-34,71.3638314637,1.01644009433e-31,40000.0,4770000.0,40000.0,3
49767467,True,0,100,0,0,31957297000,87.6800000001,S,2011-06-16 08:52:37.297000,2011-06-16,-10415,4770000.0,0.0001668827,1.69626228894e-35,71.3638314637,1.01644009433e-31,4770000.0,8910000.0,4770000.0,3
49767470,True,0,100,0,0,31966207000,87.7000000001,S,2011-06-16 08:52:46.207000,2011-06-16,-10515,1207000.0,3139.03690809,5.22329596154e-37,91.5941911426,1.66398042281e-40,8910000.0,2250000.0,2250000.0,3
49767474,True,0,100,0,0,31968457000,87.7000000001,S,2011-06-16 08:52:48.457000,2011-06-16,-10615,2250000.0,1303.44373083,2.16890485034e-37,91.5941911426,1.66398042281e-40,2250000.0,5623000.0,2250000.0,3
49767476,True,0,100,0,0,31974080000,87.6600000001,S,2011-06-16 08:52:54.080000,2011-06-16,-10715,5623000.0,144.934322232,2.41167874788e-38,91.5941911426,1.66398042281e-40,5623000.0,3000.0,3000.0,3
49767475,True,0,100,0,0,31974083000,87.7000000001,S,2011-06-16 08:52:54.083000,2011-06-16,-10815,3000.0,144.764576803,2.40885421717e-38,91.5941911426,1.66398042281e-40,3000.0,27000.0,3000.0,3
49767469,True,0,100,0,0,31974110000,87.7300000001,S,2011-06-16 08:52:54.110000,2011-06-16,-10915,27000.0,143.245786233,2.38358183942e-38,91.5941911426,1.66398042281e-40,27000.0,20000.0,20000.0,3
49767465,True,0,100,0,0,31974130000,87.7600000001,S,2011-06-16 08:52:54.130000,2011-06-16,-11015,20000.0,142.13103868,2.36503265838e-38,91.5941911426,1.66398042281e-40,20000.0,27000.0,20000.0,3
49767466,True,0,100,0,0,31974157000,87.7700000001,S,2011-06-16 08:52:54.157000,2011-06-16,-11115,27000.0,140.639877748,2.3402200324e-38,91.5941911426,1.66398042281e-40,27000.0,23000.0,23000.0,3
49767405,True,0,100,0,0,31974180000,87.8000000001,S,2011-06-16 08:52:54.180000,2011-06-16,-11215,23000.0,139.381975541,2.31928878593e-38,91.5941911426,1.66398042281e-40,23000.0,34677000.0,23000.0,3
49767477,False,0,0,0,700,31976680000,87.8800000001,B,2011-06-16 08:52:56.680000,2011-06-16,-10515,680000.0,15092.7160044,8.73452159976e-39,97.2555029755,5.78724306295e-43,306143000.0,397000.0,397000.0,0
49767479,False,0,0,0,650,31977077000,87.9700000001,B,2011-06-16 08:52:57.077000,2011-06-16,-9865,397000.0,12924.6212801,7.47979248448e-39,97.2555029755,5.78724306295e-43,397000.0,223000.0,223000.0,0
49767481,False,0,0,0,2040,31977300000,87.9900000001,B,2011-06-16 08:52:57.300000,2011-06-16,-7825,223000.0,11846.4085254,6.85580455598e-39,97.2555029755,5.78724306295e-43,223000.0,380000.0,223000.0,0
49767484,False,0,0,0,550,31977680000,88.0000000001,B,2011-06-16 08:52:57.680000,2011-06-16,-7275,380000.0,10212.2424791,5.91007294443e-39,97.2555029755,5.78724306295e-43,380000.0,72687000.0,380000.0,0
49767490,False,0,100,0,0,32008857000,88.3000000001,S,2011-06-16 08:53:28.857000,2011-06-16,-7375,5857000.0,203.461535144,0.1362492835,7.30874607482,0.0006696562,34677000.0,3000.0,3000.0,1
49767491,False,0,100,0,0,32008860000,88.2500000001,S,2011-06-16 08:53:28.860000,2011-06-16,-7475,3000.0,203.223243308,0.1360897099,7.30874607482,0.0006696562,3000.0,43680000.0,3000.0,1
49767494,False,0,0,0,700,32050367000,88.2300000001,B,2011-06-16 08:54:10.367000,2011-06-16,-6775,1367000.0,762.14375495,1.23685008004e-08,24.844248047,1.62285667502e-11,72687000.0,22126000.0,22126000.0,0
49767493,False,0,100,0,0,32052540000,88.2500000001,S,2011-06-16 08:54:12.540000,2011-06-16,-6875,2173000.0,326.133585101,5.29268065529e-09,24.844248047,1.62285667502e-11,43680000.0,16143000.0,16143000.0,1
49767498,False,0,100,0,0,32068683000,88.1500000001,S,2011-06-16 08:54:28.683000,2011-06-16,-6975,11683000.0,0.5953818543,1.0423714013,-0.560050618385,1.7507611186,16143000.0,10707000.0,10707000.0,1
49767499,False,0,0,0,500,32072493000,88.2500000001,B,2011-06-16 08:54:32.493000,2011-06-16,-6475,1493000.0,279.188319278,0.2353261302,7.07866947262,0.0008428939,22126000.0,53687000.0,22126000.0,0
49767500,False,0,100,0,0,32079390000,88.2500000001,S,2011-06-16 08:54:39.390000,2011-06-16,-6575,6897000.0,18.873256285,0.0159081525,7.07866947262,0.0008428939,10707000.0,20000.0,20000.0,1
49767501,False,0,100,0,0,32079410000,88.2000000001,S,2011-06-16 08:54:39.410000,2011-06-16,-6675,20000.0,18.7263834394,0.0157843543,7.07866947262,0.0008428939,20000.0,26070000.0,20000.0,1
49767505,True,0,100,0,0,32105480000,88.1500000001,S,2011-06-16 08:55:05.480000,2011-06-16,-6775,22480000.0,0.5157224934,5.96414576226e-07,13.6701433523,1.15646415249e-06,26070000.0,830000.0,830000.0,3
49767507,True,0,100,0,0,32106310000,88.1000000001,S,2011-06-16 08:55:06.310000,2011-06-16,-6875,830000.0,0.3729148343,4.31262637793e-07,13.6701433523,1.15646415249e-06,830000.0,19130000.0,830000.0,3
49767496,True,0,100,0,0,32125440000,88.2800000001,S,2011-06-16 08:55:25.440000,2011-06-16,-6975,1440000.0,2761.48073459,2.4513677055e-10,30.0527271269,8.87700455338e-14,19130000.0,17237000.0,17237000.0,3
49767516,False,0,0,0,100,32126180000,88.3000000001,B,2011-06-16 08:55:26.180000,2011-06-16,-6875,180000.0,5918.76890124,1.83598957842e-10,31.1041510644,3.10197882203e-14,53687000.0,1290000.0,1290000.0,0
49767517,False,0,0,0,215,32127470000,88.4000000001,B,2011-06-16 08:55:27.470000,2011-06-16,-6660,1290000.0,3575.91905489,1.10924251776e-10,31.1041510644,3.10197882203e-14,1290000.0,377000.0,377000.0,0
49767518,False,0,0,0,1500,32127847000,88.5000000001,B,2011-06-16 08:55:27.847000,2011-06-16,-5160,377000.0,3086.24948991,9.57348055721e-11,31.1041510644,3.10197882203e-14,377000.0,183000.0,183000.0,0
49767519,False,0,0,0,154,32128030000,88.6000000001,B,2011-06-16 08:55:28.030000,2011-06-16,-5006,183000.0,2873.33168229,8.91301402714e-11,31.1041510644,3.10197882203e-14,183000.0,18207000.0,183000.0,0
49767525,False,0,100,0,0,32142677000,88.5900000001,S,2011-06-16 08:55:42.677000,2011-06-16,-5106,3677000.0,42.636781265,44.3159495654,-0.0386273568959,1.0393830925,17237000.0,3426000.0,3426000.0,1
49767527,False,0,50,0,0,32146103000,88.5300000001,S,2011-06-16 08:55:46.103000,2011-06-16,-5156,2103000.0,11.1834615619,63.369712799,-1.73454999059,5.6663773062,3426000.0,25047000.0,3426000.0,1
49767520,False,0,0,0,300,32146237000,88.5100000001,B,2011-06-16 08:55:46.237000,2011-06-16,-4856,134000.0,10.613134,60.1380216452,-1.73454999059,5.6663773062,18207000.0,8156000.0,8156000.0,0
49767531,False,0,0,0,1000,32154393000,88.5300000001,B,2011-06-16 08:55:54.393000,2011-06-16,-3856,5393000.0,0.4387413545,22.8816432585,-3.95418019301,52.1529211336,8156000.0,3797000.0,3797000.0,0
49767532,False,0,0,0,300,32158190000,88.5200000001,B,2011-06-16 08:55:58.190000,2011-06-16,-3556,190000.0,436.928560451,5.1920668748,4.43263784483,0.0118831025,3797000.0,1250000.0,1250000.0,0
49767533,False,0,0,0,850,32159440000,88.5300000001,B,2011-06-16 08:55:59.440000,2011-06-16,-2706,1250000.0,268.134428733,3.186268904,4.43263784483,0.0118831025,1250000.0,14780000.0,1250000.0,0
49767536,False,0,10,0,0,32171150000,88.4500000001,S,2011-06-16 08:56:11.150000,2011-06-16,-2716,4150000.0,536.508020868,8.3481190513,4.16304526215,0.0155601011,25047000.0,357000.0,357000.0,1
49767535,False,0,100,0,0,32171507000,88.4700000001,S,2011-06-16 08:56:11.507000,2011-06-16,-2816,357000.0,466.672808219,7.2614760814,4.16304526215,0.0155601011,357000.0,2757430000.0,357000.0,1
49767540,False,0,0,0,1000,32174220000,88.5300000001,B,2011-06-16 08:56:14.220000,2011-06-16,-1816,2713000.0,161.719404475,2.5163702851,4.16304526215,0.0155601011,14780000.0,1283000.0,1283000.0,0
49767541,False,0,0,0,1000,32175503000,88.5300000001,B,2011-06-16 08:56:15.503000,2011-06-16,-816,1283000.0,97.9728977958,1.5244681958,4.16304526215,0.0155601011,1283000.0,4527000.0,1283000.0,0
49767542,False,0,0,0,800,32180030000,88.5300000001,B,2011-06-16 08:56:20.030000,2011-06-16,-16,4527000.0,16.715417754,0.2600935904,4.16304526215,0.0155601011,4527000.0,2140000.0,2140000.0,0
49767543,False,0,0,0,16,32182170000,88.5300000001,B,2011-06-16 08:56:22.170000,2011-06-16,0,2140000.0,7.2455972774,0.1127422262,4.16304526215,0.0155601011,2140000.0,2699097000.0,2140000.0,0
49769362,False,0,0,0,1000,34881267000,89.2700000001,B,2011-06-16 09:41:21.267000,2011-06-16,1000,2699097000.0,0.0,0.0,0.0,inf,2699097000.0,4366000.0,4366000.0,0
49769371,False,0,0,0,688,34885633000,89.3500000001,B,2011-06-16 09:41:25.633000,2011-06-16,1688,1633000.0,164.862626888,0.0,632.785070939,0.0,4366000.0,13570000.0,4366000.0,0
49769385,False,0,0,0,400,34899203000,89.2100000001,B,2011-06-16 09:41:39.203000,2011-06-16,2088,1203000.0,915.199170851,209.628524473,1.47380468143,0.229052354,13570000.0,627000.0,627000.0,0
49769386,False,0,0,0,200,34899830000,89.2400000001,B,2011-06-16 09:41:39.830000,2011-06-16,2288,627000.0,716.38650993,164.090016481,1.47380468143,0.229052354,627000.0,2393000.0,627000.0,0
49769390,False,0,0,0,1000,34902223000,89.2200000001,B,2011-06-16 09:41:42.223000,2011-06-16,3288,2393000.0,281.30914216,64.4345212167,1.47380468143,0.229052354,2393000.0,4000.0,4000.0,0
49769388,False,0,0,0,1000,34902227000,89.2200000001,B,2011-06-16 09:41:42.227000,2011-06-16,4288,4000.0,280.869939842,64.3339208918,1.47380468143,0.229052354,4000.0,13000.0,4000.0,0
49769391,False,0,0,0,1000,34902240000,89.2200000001,B,2011-06-16 09:41:42.240000,2011-06-16,5288,13000.0,279.447262503,64.0080532982,1.47380468143,0.229052354,13000.0,677000.0,13000.0,0
49769384,False,0,0,0,1000,34902917000,89.1900000001,B,2011-06-16 09:41:42.917000,2011-06-16,6288,677000.0,214.510881063,49.1342222686,1.47380468143,0.229052354,677000.0,243000.0,243000.0,0
49769382,False,0,0,0,1300,34903160000,89.1200000001,B,2011-06-16 09:41:43.160000,2011-06-16,7588,243000.0,195.085629857,44.6848227526,1.47380468143,0.229052354,243000.0,5210000.0,243000.0,0
49769396,True,0,0,0,7000,34908370000,89.1200000001,B,2011-06-16 09:41:48.370000,2011-06-16,14588,2370000.0,25.4899011311,2779.39077105,-4.69170469488,109.038899631,5210000.0,25807000.0,5210000.0,2
49769403,False,0,410,0,0,34928937000,89.2000000001,S,2011-06-16 09:42:08.937000,2011-06-16,14178,937000.0,0.0082651943,3042.42666752,-12.8161127572,368101.044613,2757430000.0,5283000.0,5283000.0,1
49769437,True,0,0,0,100,34934177000,89.1600000001,B,2011-06-16 09:42:14.177000,2011-06-16,14278,5240000.0,0.0010673493,392.892375967,-12.8161127572,368101.044613,25807000.0,20000.0,20000.0,2
49769435,True,0,0,0,100,34934197000,89.1600000001,B,2011-06-16 09:42:14.197000,2011-06-16,14378,20000.0,0.0010590431,389.834863241,-12.8161127572,368101.044613,20000.0,2620000.0,20000.0,2
49769401,False,0,450,0,0,34934220000,89.2000000001,S,2011-06-16 09:42:14.220000,2011-06-16,13928,23000.0,0.0010495709,386.348127167,-12.8161127572,368101.044613,5283000.0,34097000.0,5283000.0,1
49769440,True,0,0,0,100,34936817000,89.1700000001,B,2011-06-16 09:42:16.817000,2011-06-16,14028,2597000.0,0.0003805751,140.09009087,-12.8161127572,368101.044613,2620000.0,36000.0,36000.0,2
49769442,True,0,0,0,100,34936853000,89.1700000001,B,2011-06-16 09:42:16.853000,2011-06-16,14128,36000.0,0.0003752607,138.133860947,-12.8161127572,368101.044613,36000.0,7264000.0,36000.0,2
49769432,True,0,0,0,100,34944117000,89.1500000001,B,2011-06-16 09:42:24.117000,2011-06-16,14228,3117000.0,2.19797378601e-05,344.755858952,-16.5682260467,15685167.0,7264000.0,400000.0,400000.0,2
49769411,True,0,0,0,100,34944517000,89.1300000001,B,2011-06-16 09:42:24.517000,2011-06-16,14328,400000.0,1.88002660741e-05,294.885313016,-16.5682260467,15685167.0,400000.0,3000.0,3000.0,2
49769410,True,0,0,0,100,34944520000,89.1100000001,B,2011-06-16 09:42:24.520000,2011-06-16,14428,3000.0,1.87782474164e-05,294.539946693,-16.5682260467,15685167.0,3000.0,20000.0,3000.0,2
49769409,True,0,0,0,100,34944540000,89.1100000001,B,2011-06-16 09:42:24.540000,2011-06-16,14528,20000.0,1.86321139356e-05,292.247818643,-16.5682260467,15685167.0,20000.0,50000.0,20000.0,2
49769408,True,0,0,0,100,34944590000,89.0800000001,B,2011-06-16 09:42:24.590000,2011-06-16,14628,50000.0,1.82717362299e-05,286.595234145,-16.5682260467,15685167.0,50000.0,70000.0,50000.0,2
49769462,True,0,0,0,100,34944660000,89.1200000001,B,2011-06-16 09:42:24.660000,2011-06-16,14728,70000.0,1.77788873185e-05,278.864816664,-16.5682260467,15685167.0,70000.0,25447000.0,70000.0,2
49769480,False,0,3000,0,0,34968317000,89.2000000001,S,2011-06-16 09:42:48.317000,2011-06-16,11728,4317000.0,1.72417952835e-09,660.435067274,-26.671413346,3.83043097551e+11,34097000.0,6323000.0,6323000.0,1
49769495,True,0,0,0,100,34970107000,89.2100000001,B,2011-06-16 09:42:50.107000,2011-06-16,11828,1790000.0,8.56871384219e-10,328.218669214,-26.671413346,3.83043097551e+11,25447000.0,5190000.0,5190000.0,2
49769456,False,0,2272,0,0,34974640000,89.2400000001,S,2011-06-16 09:42:54.640000,2011-06-16,9556,4533000.0,1.45850876454e-10,55.8671714974,-26.671413346,3.83043097551e+11,6323000.0,23000.0,23000.0,1
49769454,False,0,3000,0,0,34974663000,89.2400000001,S,2011-06-16 09:42:54.663000,2011-06-16,6556,23000.0,1.44546366364e-10,55.367487912,-26.671413346,3.83043097551e+11,23000.0,1557000.0,23000.0,1
49769502,True,0,0,0,100,34975297000,89.2200000001,B,2011-06-16 09:42:55.297000,2011-06-16,6656,634000.0,1.12836975302e-10,43.2214245378,-26.671413346,3.83043097551e+11,5190000.0,1216000.0,1216000.0,2
49769459,False,0,2355,0,0,34976220000,89.2400000001,S,2011-06-16 09:42:56.220000,2011-06-16,4301,923000.0,7.86806461273e-11,30.1380784099,-26.671413346,3.83043097551e+11,1557000.0,21180000.0,1557000.0,1
49769501,True,0,0,0,100,34976513000,89.2200000001,B,2011-06-16 09:42:56.513000,2011-06-16,4401,293000.0,7.01716287568e-11,26.8787580392,-26.671413346,3.83043097551e+11,1216000.0,17000.0,17000.0,2
49769500,True,0,0,0,100,34976530000,89.2100000001,B,2011-06-16 09:42:56.530000,2011-06-16,4501,17000.0,6.97071890762e-11,26.7008576253,-26.671413346,3.83043097551e+11,17000.0,20000.0,17000.0,2
49769503,True,0,0,0,100,34976550000,89.2200000001,B,2011-06-16 09:42:56.550000,2011-06-16,4601,20000.0,6.91647234271e-11,26.4930699028,-26.671413346,3.83043097551e+11,20000.0,20000.0,20000.0,2
49769499,True,0,0,0,100,34976570000,89.2100000001,B,2011-06-16 09:42:56.570000,2011-06-16,4701,20000.0,6.86264792792e-11,26.2868991971,-26.671413346,3.83043097551e+11,20000.0,370000.0,20000.0,2
49769496,True,0,0,0,100,34976940000,89.2000000001,B,2011-06-16 09:42:56.940000,2011-06-16,4801,370000.0,5.9391267607e-11,22.7494151117,-26.671413346,3.83043097551e+11,370000.0,3127000.0,370000.0,2
49769511,True,0,0,0,100,34980067000,89.2100000001,B,2011-06-16 09:43:00.067000,2011-06-16,4901,3127000.0,1.75080859864e-11,6.7063514884,-26.671413346,3.83043097551e+11,3127000.0,3453000.0,3127000.0,2
49769512,True,0,0,0,100,34983520000,89.1600000001,B,2011-06-16 09:43:03.520000,2011-06-16,5001,520000.0,4.54412279944e-12,3017.51170199,-34.1293742414,6.64047129704e+14,3453000.0,7040000.0,3453000.0,2
49769514,True,0,0,0,100,34990560000,89.1600000001,B,2011-06-16 09:43:10.560000,2011-06-16,5101,6560000.0,2.90496051629e-13,314.354028225,-34.6177062396,1.0821284023e+15,7040000.0,10000.0,10000.0,2
49769494,True,0,0,0,100,34990570000,89.1500000001,B,2011-06-16 09:43:10.570000,2011-06-16,5201,10000.0,2.89363514853e-13,313.128478013,-34.6177062396,1.0821284023e+15,10000.0,23000.0,10000.0,2
49769493,True,0,0,0,100,34990593000,89.1400000001,B,2011-06-16 09:43:10.593000,2011-06-16,5301,23000.0,2.86775408194e-13,310.327814289,-34.6177062396,1.0821284023e+15,23000.0,17000.0,17000.0,2
49769513,True,0,0,0,100,34990610000,89.1500000001,B,2011-06-16 09:43:10.610000,2011-06-16,5401,17000.0,2.84877349372e-13,308.273870929,-34.6177062396,1.0821284023e+15,17000.0,20000.0,17000.0,2
49769489,True,0,0,0,100,34990630000,89.1200000001,B,2011-06-16 09:43:10.630000,2011-06-16,5501,20000.0,2.82660416251e-13,305.874864632,-34.6177062396,1.0821284023e+15,20000.0,17000.0,17000.0,2
49769465,True,0,0,0,100,34990647000,89.0400000001,B,2011-06-16 09:43:10.647000,2011-06-16,5601,17000.0,2.80789593017e-13,303.850393675,-34.6177062396,1.0821284023e+15,17000.0,9930000.0,17000.0,2
49769533,False,0,100,0,0,34997400000,89.1900000001,S,2011-06-16 09:43:17.400000,2011-06-16,5501,3400000.0,529.417295471,843.736079006,-0.466062783947,1.5937070553,21180000.0,3800000.0,3800000.0,1
49769537,False,0,0,0,2,35000577000,89.0600000001,B,2011-06-16 09:43:20.577000,2011-06-16,5503,3177000.0,153.049490163,243.916052288,-0.466062783947,1.5937070553,9930000.0,7500000.0,7500000.0,0
49769532,False,0,1250,0,0,35001200000,89.1900000001,S,2011-06-16 09:43:21.200000,2011-06-16,4253,623000.0,119.989226455,191.227676765,-0.466062783947,1.5937070553,3800000.0,9820000.0,3800000.0,1
49769558,False,0,0,0,100,35008077000,89.1300000001,B,2011-06-16 09:43:28.077000,2011-06-16,4353,1077000.0,1563.29574504,13.0284655076,4.7874149107,0.0083339736,7500000.0,0.0,0.0,0
49769555,False,0,0,0,100,35008077000,89.1200000001,B,2011-06-16 09:43:28.077000,2011-06-16,4453,0.0,1563.29574504,13.0284655076,4.7874149107,0.0083339736,0.0,1651293000.0,0.0,0
49769563,False,0,110,0,0,35011020000,89.0200000001,S,2011-06-16 09:43:31.020000,2011-06-16,4343,1020000.0,495.190310233,4622.36024224,-2.23371857522,9.3345127049,9820000.0,767000.0,767000.0,1
49769565,False,0,400,0,0,35011787000,89.0000000001,S,2011-06-16 09:43:31.787000,2011-06-16,3943,767000.0,366.989331738,3425.66657969,-2.23371857522,9.3345127049,767000.0,11166000.0,767000.0,1
49769569,True,0,2470,0,0,35022953000,89.0000000001,S,2011-06-16 09:43:42.953000,2011-06-16,1473,2953000.0,951.258121836,95.5043077913,2.29861409297,0.1003978895,11166000.0,13214000.0,11166000.0,3
49769580,True,0,1000,0,0,35036167000,89.0600000001,S,2011-06-16 09:43:56.167000,2011-06-16,473,13214000.0,5.4524589871,0.5474153748,2.29861409297,0.1003978895,13214000.0,5956000.0,5956000.0,3
49769594,False,0,400,0,0,35042123000,89.0300000001,S,2011-06-16 09:44:02.123000,2011-06-16,73,2123000.0,0.532327806,111.818764121,-5.34737518253,210.056215118,5956000.0,5527000.0,5527000.0,1
49769601,False,0,73,0,0,35047650000,89.1300000001,S,2011-06-16 09:44:07.650000,2011-06-16,0,5527000.0,0.0614531503,12.9086161645,-5.34737518253,210.056215118,5527000.0,1614333000.0,5527000.0,1
49772041,False,0,0,0,402,36659370000,88.4200000001,B,2011-06-16 10:10:59.370000,2011-06-16,402,5370000.0,318.888319932,4.88173356501e-273,632.785070939,1.53085994685e-275,1651293000.0,12939133000.0,1651293000.0,0
49772046,False,0,200,0,0,36661983000,88.5000000001,S,2011-06-16 10:11:01.983000,2011-06-16,202,2613000.0,114.908691063,1.75909112693e-273,632.785070939,1.53085994685e-275,1614333000.0,2867000.0,2867000.0,1
49772051,False,0,200,0,0,36664850000,88.5100000001,S,2011-06-16 10:11:04.850000,2011-06-16,2,2867000.0,37.4953133274,5.74000733674e-274,632.785070939,1.53085994685e-275,2867000.0,1650000.0,1650000.0,1
49772053,False,0,2,0,0,36666500000,88.5100000001,S,2011-06-16 10:11:06.500000,2011-06-16,0,1650000.0,19.6816100002,3.01297884387e-274,632.785070939,1.53085994685e-275,1650000.0,12840270000.0,1650000.0,1
49780141,False,0,1000,0,0,49506770000,86.4000000001,S,2011-06-16 13:45:06.770000,2011-06-16,-1000,770000.0,0.0,222.07190474,-632.785070939,inf,12840270000.0,1873000.0,1873000.0,1
49780143,False,0,700,0,0,49508643000,86.4000000001,S,2011-06-16 13:45:08.643000,2011-06-16,-1700,1873000.0,0.0,106.84301415,-632.785070939,inf,1873000.0,27167000.0,1873000.0,1
49780146,False,0,1000,0,0,49535810000,86.3500000001,S,2011-06-16 13:45:35.810000,2011-06-16,-2700,810000.0,0.0,473.698794507,-632.785070939,inf,27167000.0,1370000.0,1370000.0,1
49780148,False,0,350,0,0,49537180000,86.3400000001,S,2011-06-16 13:45:37.180000,2011-06-16,-3050,1370000.0,0.0,277.38749154,-632.785070939,inf,1370000.0,800000.0,800000.0,1
49780149,False,0,1000,0,0,49537980000,86.3200000001,S,2011-06-16 13:45:37.980000,2011-06-16,-4050,800000.0,0.0,202.941024085,-632.785070939,inf,800000.0,9550000.0,800000.0,1
49780152,False,0,1000,0,0,49547530000,86.3000000001,S,2011-06-16 13:45:47.530000,2011-06-16,-5050,1530000.0,0.0,618.227704224,-632.785070939,inf,9550000.0,550000.0,550000.0,1
49780153,False,0,885,0,0,49548080000,86.3000000001,S,2011-06-16 13:45:48.080000,2011-06-16,-5935,550000.0,0.0,498.704179363,-632.785070939,inf,550000.0,16713000.0,550000.0,1
49780161,True,0,100,0,0,49564793000,86.3000000001,S,2011-06-16 13:46:04.793000,2011-06-16,-6035,793000.0,475.039431188,74.0905809666,1.85810940185,0.1559672231,16713000.0,244000.0,244000.0,3
49780162,True,0,100,0,0,49565037000,86.3000000001,S,2011-06-16 13:46:05.037000,2011-06-16,-6135,244000.0,431.853026368,67.3549173293,1.85810940185,0.1559672231,244000.0,293000.0,244000.0,3
49780163,True,0,100,0,0,49565330000,86.3000000001,S,2011-06-16 13:46:05.330000,2011-06-16,-6235,293000.0,385.149738028,60.0707351351,1.85810940185,0.1559672231,293000.0,310000.0,293000.0,3
49780164,True,0,100,0,0,49565640000,86.3000000001,S,2011-06-16 13:46:05.640000,2011-06-16,-6335,310000.0,341.223756194,53.2197217246,1.85810940185,0.1559672231,310000.0,813000.0,310000.0,3
49780167,True,0,100,0,0,49566453000,86.2900000001,S,2011-06-16 13:46:06.453000,2011-06-16,-6435,813000.0,248.380119743,38.7391575607,1.85810940185,0.1559672231,813000.0,874000.0,813000.0,3
49780168,True,0,100,0,0,49567327000,86.2800000001,S,2011-06-16 13:46:07.327000,2011-06-16,-6535,874000.0,176.541162347,27.5346348621,1.85810940185,0.1559672231,874000.0,1950000.0,874000.0,3
49780169,True,0,100,0,0,49569277000,86.3000000001,S,2011-06-16 13:46:09.277000,2011-06-16,-6635,1277000.0,82.4205924128,73.5790963749,0.113474344877,0.8927270992,1950000.0,5150000.0,1950000.0,3
49780174,False,0,100,0,0,49574427000,86.3200000001,S,2011-06-16 13:46:14.427000,2011-06-16,-6735,427000.0,11.0244613568,41.9710618198,-1.33686381309,3.8070850322,5150000.0,3000.0,3000.0,1
49780172,False,0,100,0,0,49574430000,86.3200000001,S,2011-06-16 13:46:14.430000,2011-06-16,-6835,3000.0,11.0115496331,41.9219057897,-1.33686381309,3.8070850322,3000.0,27000.0,3000.0,1
49780175,False,0,100,0,0,49574457000,86.3100000001,S,2011-06-16 13:46:14.457000,2011-06-16,-6935,27000.0,10.8960224916,41.4820841386,-1.33686381309,3.8070850322,27000.0,1980000.0,27000.0,1
49780177,False,0,83,0,0,49576437000,86.3100000001,S,2011-06-16 13:46:16.437000,2011-06-16,-7018,1437000.0,5.0276883887,76.1859302484,-2.71821648913,15.1532721119,1980000.0,1400000.0,1400000.0,1
49780176,False,0,100,0,0,49577837000,86.3200000001,S,2011-06-16 13:46:17.837000,2011-06-16,-7118,1400000.0,2.9098028031,44.0930336668,-2.71821648913,15.1532721119,1400000.0,333000.0,333000.0,1
49780179,False,0,100,0,0,49578170000,86.2900000001,S,2011-06-16 13:46:18.170000,2011-06-16,-7218,170000.0,2.5548849381,132.289930518,-3.94698876973,51.7792126553,333000.0,577000.0,333000.0,1
49780180,False,0,100,0,0,49578747000,86.2300000001,S,2011-06-16 13:46:18.747000,2011-06-16,-7318,577000.0,2.039320295,105.594399228,-3.94698876973,51.7792126553,577000.0,1323000.0,577000.0,1
49780181,False,0,100,0,0,49580070000,86.2700000001,S,2011-06-16 13:46:20.070000,2011-06-16,-7418,1323000.0,1.2163075715,62.9794483968,-3.94698876973,51.7792126553,1323000.0,997000.0,997000.0,1
49780183,False,0,100,0,0,49581067000,86.2400000001,S,2011-06-16 13:46:21.067000,2011-06-16,-7518,997000.0,0.8239598826,42.6639939822,-3.94698876973,51.7792126553,997000.0,9303000.0,997000.0,1
49780190,False,0,100,0,0,49590370000,86.2300000001,S,2011-06-16 13:46:30.370000,2011-06-16,-7618,370000.0,583.130040762,939.448679317,-0.476882975863,1.6110449019,9303000.0,5357000.0,5357000.0,1
49780200,False,0,100,0,0,49595727000,86.2100000001,S,2011-06-16 13:46:35.727000,2011-06-16,-7718,4727000.0,71.9399750145,147.456715203,-0.717702585504,2.0497187436,5357000.0,63000.0,63000.0,1
49780199,False,0,100,0,0,49595790000,86.2100000001,S,2011-06-16 13:46:35.790000,2011-06-16,-7818,63000.0,70.1911837794,143.87218503,-0.717702585504,2.0497187436,63000.0,18730000.0,63000.0,1
49780186,False,0,0,0,1371,49598503000,86.2000000001,B,2011-06-16 13:46:38.503000,2011-06-16,-6447,503000.0,24.3238436872,132.018455214,-1.69148463393,5.4275326265,12939133000.0,19334000.0,19334000.0,0
49780209,False,0,100,0,0,49614520000,86.1700000001,S,2011-06-16 13:46:54.520000,2011-06-16,-6547,8520000.0,0.0466452801,72.8948675072,-7.35420176931,1562.74905798,18730000.0,3000.0,3000.0,1
49780211,False,0,100,0,0,49614523000,86.1700000001,S,2011-06-16 13:46:54.523000,2011-06-16,-6647,3000.0,0.0465906497,72.8094938677,-7.35420176931,1562.74905798,3000.0,3750000.0,3000.0,1
49780188,True,0,0,0,1600,49617837000,86.1500000001,B,2011-06-16 13:46:57.837000,2011-06-16,-5047,3314000.0,0.0127670626,19.9517150482,-7.35420176931,1562.74905798,19334000.0,376000.0,376000.0,2
49780213,False,0,0,0,2000,49618213000,86.1700000001,B,2011-06-16 13:46:58.213000,2011-06-16,-3047,213000.0,11686.0966156,17.2263485993,6.51971498374,0.0014740892,376000.0,1687000.0,376000.0,0
49780207,False,0,100,0,0,49618273000,86.1800000001,S,2011-06-16 13:46:58.273000,2011-06-16,-3147,60000.0,11415.388479,16.8273006638,6.51971498374,0.0014740892,3750000.0,0.0,0.0,1
49780210,False,0,100,0,0,49618273000,86.1800000001,S,2011-06-16 13:46:58.273000,2011-06-16,-3247,0.0,11415.388479,16.8273006638,6.51971498374,0.0014740892,0.0,380000.0,0.0,1
49780208,False,0,100,0,0,49618653000,86.1900000001,S,2011-06-16 13:46:58.653000,2011-06-16,-3347,380000.0,9840.67997406,14.506039892,6.51971498374,0.0014740892,380000.0,22287000.0,380000.0,1
49780214,False,0,0,0,700,49619900000,86.2600000001,B,2011-06-16 13:46:59.900000,2011-06-16,-2647,900000.0,7453.28784483,8.9125084333,6.7289548035,0.0011957821,1687000.0,750000.0,750000.0,0
49780219,False,0,0,0,600,49620650000,86.2700000001,B,2011-06-16 13:47:00.650000,2011-06-16,-2047,750000.0,5560.49151588,6.6491364026,6.7289548035,0.0011957821,750000.0,7910000.0,750000.0,0
49780223,False,0,0,0,328,49628560000,86.2000000001,B,2011-06-16 13:47:08.560000,2011-06-16,-1719,2560000.0,868.147193468,0.3025959784,7.96171804604,0.0003485538,7910000.0,19883000.0,7910000.0,0
49780230,False,0,100,0,0,49640940000,86.2000000001,S,2011-06-16 13:47:20.940000,2011-06-16,-1819,1940000.0,6.8924304833,772.839281007,-4.71964733212,112.128701608,22287000.0,204747000.0,22287000.0,1
49780228,True,0,0,0,1700,49648443000,86.1500000001,B,2011-06-16 13:47:28.443000,2011-06-16,-119,3443000.0,0.3677192289,148.366295926,-6.00011977577,403.477121317,19883000.0,4334000.0,4334000.0,2
49780243,True,0,0,0,110,49652777000,86.0600000001,B,2011-06-16 13:47:32.777000,2011-06-16,-9,4334000.0,0.067650242,27.2953249026,-6.00011977577,403.477121317,4334000.0,3716000.0,3716000.0,2
49780245,True,0,0,0,9,49656493000,86.0300000001,B,2011-06-16 13:47:36.493000,2011-06-16,0,3716000.0,0.0158439612,6.3926758623,-6.00011977577,403.477121317,3716000.0,199707000.0,3716000.0,2
49780364,False,0,1500,0,0,49845687000,85.9500000001,S,2011-06-16 13:50:45.687000,2011-06-16,-1500,189194000.0,1.27000401872e-34,5.12417565532e-32,-6.00011977577,403.477121317,204747000.0,1341893000.0,204747000.0,1
49780368,True,0,0,0,1500,49856200000,85.9100000001,B,2011-06-16 13:50:56.200000,2011-06-16,0,3200000.0,2.09080597539e-36,1565.65655276,-89.5115742595,7.4882919371e+38,199707000.0,1321667000.0,199707000.0,2
49780932,False,0,0,0,100,51177867000,85.6500000001,B,2011-06-16 14:12:57.867000,2011-06-16,100,867000.0,428.91610178,18.3081621774,3.15391435182,0.0426847164,1321667000.0,37380000.0,37380000.0,0
49780929,True,0,1723,0,0,51187580000,85.7000000001,S,2011-06-16 14:13:07.580000,2011-06-16,-1623,1580000.0,211.265322874,0.4119745745,6.23990844189,0.0019500341,1341893000.0,9333000.0,9333000.0,3
49780959,True,0,1000,0,0,51196913000,85.6600000001,S,2011-06-16 14:13:16.913000,2011-06-16,-2623,9333000.0,5.5146692214,0.0107537928,6.23990844189,0.0019500341,9333000.0,3184000.0,3184000.0,3
49780962,False,0,250,0,0,51200097000,85.6500000001,S,2011-06-16 14:13:20.097000,2011-06-16,-2873,3097000.0,1.5898849783,223.703483536,-4.94665977047,140.704193441,3184000.0,324253000.0,3184000.0,1
49780935,True,0,0,0,100,51215247000,85.6000000001,B,2011-06-16 14:13:35.247000,2011-06-16,-2773,4247000.0,0.00427784,626.973051981,-11.8952106375,146562.998294,37380000.0,0.0,0.0,2
49780934,True,0,0,0,100,51215247000,85.6000000001,B,2011-06-16 14:13:35.247000,2011-06-16,-2673,0.0,0.00427784,626.973051981,-11.8952106375,146562.998294,0.0,16000.0,0.0,2
49780936,True,0,0,0,100,51215263000,85.6000000001,B,2011-06-16 14:13:35.263000,2011-06-16,-2573,16000.0,0.0042511868,623.066690502,-11.8952106375,146562.998294,16000.0,4217000.0,16000.0,2
49780931,True,0,0,0,167,51219480000,85.6000000001,B,2011-06-16 14:13:39.480000,2011-06-16,-2406,2480000.0,0.0008186756,756.365972024,-13.7363480511,923889.773817,4217000.0,11430000.0,4217000.0,2
49780984,True,0,0,0,2000,51230910000,85.5600000001,B,2011-06-16 14:13:50.910000,2011-06-16,-406,10910000.0,9.42008494334e-06,10.1129252027,-13.8864807808,1073549.25815,11430000.0,14110000.0,11430000.0,2
49780992,False,0,0,0,400,51245020000,85.5900000001,B,2011-06-16 14:14:05.020000,2011-06-16,-6,11020000.0,5.4020421292,0.040847714,4.88468147542,0.0075615319,14110000.0,2250000.0,2250000.0,0
49780997,False,0,0,0,6,51247270000,85.5900000001,B,2011-06-16 14:14:07.270000,2011-06-16,0,2250000.0,2.2431268421,0.0169614752,4.88468147542,0.0075615319,2250000.0,315753000.0,2250000.0,0
49781076,False,0,200,0,0,51524350000,85.1100000001,S,2011-06-16 14:18:44.350000,2011-06-16,-200,2350000.0,2.21443031187e-47,1118.12219563,-114.445910142,5.04925438223e+49,324253000.0,1250000.0,1250000.0,1
49781078,False,0,1500,0,0,51525600000,85.1000000001,S,2011-06-16 14:18:45.600000,2011-06-16,-1700,1250000.0,1.35895215005e-47,686.169509887,-114.445910142,5.04925438223e+49,1250000.0,4887000.0,1250000.0,1
49781079,False,0,1500,0,0,51530487000,85.1000000001,S,2011-06-16 14:18:50.487000,2011-06-16,-3200,4887000.0,2.01438642008e-48,101.711494591,-114.445910142,5.04925438223e+49,4887000.0,1893000.0,1893000.0,1
49781080,False,0,1500,0,0,51532380000,85.1000000001,S,2011-06-16 14:18:52.380000,2011-06-16,-4700,1893000.0,9.61617533077e-49,48.5545154292,-114.445910142,5.04925438223e+49,1893000.0,37007000.0,1893000.0,1
49781089,False,0,0,0,4000,51563023000,85.1200000001,B,2011-06-16 14:19:23.023000,2011-06-16,-700,23000.0,693.73910473,286.670188858,0.883763572805,0.4132247799,315753000.0,9757000.0,9757000.0,0
49781108,False,0,100,0,0,51569387000,85.1500000001,S,2011-06-16 14:19:29.387000,2011-06-16,-800,3387000.0,57.7520276751,1861.49059726,-3.4729743831,32.2324716932,37007000.0,3391246000.0,37007000.0,1
49781111,True,0,0,0,400,51572780000,85.1500000001,B,2011-06-16 14:19:32.780000,2011-06-16,-400,2780000.0,150.378725235,494.596469583,-1.19058527027,3.2890056011,9757000.0,2630000.0,2630000.0,2
49781113,True,0,0,0,400,51575410000,85.1700000001,B,2011-06-16 14:19:35.410000,2011-06-16,0,2630000.0,53.8290453003,177.044031494,-1.19058527027,3.2890056011,2630000.0,3404300000.0,2630000.0,2
49782949,False,0,1200,0,0,54960633000,82.4500000001,S,2011-06-16 15:16:00.633000,2011-06-16,-1200,713633000.0,3.56506491834e-250,1.03275210349e-118,-302.702277196,2.89686759468e+131,3391246000.0,1524000.0,1524000.0,1
49782950,False,0,1200,0,0,54962157000,82.3900000001,S,2011-06-16 15:16:02.157000,2011-06-16,-2400,1524000.0,1.96574196349e-250,5.69449419352e-119,-302.702277196,2.89686759468e+131,1524000.0,1162766000.0,1524000.0,1
49782953,True,0,0,0,1200,54979710000,82.4100000001,B,2011-06-16 15:16:19.710000,2011-06-16,-1200,710000.0,2.06883245675e-253,972.540420849,-588.706955748,4.70091436199e+255,3404300000.0,2233000.0,2233000.0,2
49782952,True,0,0,0,1200,54981943000,82.4000000001,B,2011-06-16 15:16:21.943000,2011-06-16,0,2233000.0,8.64779076636e-254,406.525238131,-588.706955748,4.70091436199e+255,2233000.0,1146430000.0,2233000.0,2
49783423,False,0,800,0,0,56124923000,83.8500000001,S,2011-06-16 15:35:24.923000,2011-06-16,-800,2923000.0,0.0,63.8760503882,-632.785070939,inf,1162766000.0,7674000.0,7674000.0,1
49783426,True,0,0,0,1000,56128373000,83.6000000001,B,2011-06-16 15:35:28.373000,2011-06-16,200,3450000.0,0.0,16.5981001966,-632.785070939,inf,1146430000.0,1026937000.0,1026937000.0,2
49783428,False,0,200,0,0,56132597000,83.6300000001,S,2011-06-16 15:35:32.597000,2011-06-16,0,4224000.0,0.0,3.187663626,-632.785070939,inf,7674000.0,1046373000.0,7674000.0,1
49784265,False,0,0,0,1000,57155310000,83.5500000001,B,2011-06-16 15:52:35.310000,2011-06-16,1000,138310000.0,0.0,3.43734194348e-21,-632.785070939,inf,1026937000.0,9213000.0,9213000.0,0
49784277,False,0,0,0,5000,57164523000,83.5300000001,B,2011-06-16 15:52:44.523000,2011-06-16,6000,523000.0,134.458019353,52.9359876803,0.932168622556,0.3936989994,9213000.0,4180000.0,4180000.0,0
49784284,False,0,0,0,100,57168703000,83.5400000001,B,2011-06-16 15:52:48.703000,2011-06-16,6100,703000.0,333.224753381,10.3425960267,3.47254629341,0.0310378984,4180000.0,164000.0,164000.0,0
49784285,False,0,0,0,100,57168867000,83.5400000001,B,2011-06-16 15:52:48.867000,2011-06-16,6200,164000.0,312.546949844,9.7008004622,3.47254629341,0.0310378984,164000.0,163000.0,163000.0,0
49784286,False,0,0,0,100,57169030000,83.5400000001,B,2011-06-16 15:52:49.030000,2011-06-16,6300,30000.0,392.101778641,9.1023855633,3.7629849165,0.023214344,163000.0,163000.0,163000.0,0
49784287,False,0,0,0,100,57169193000,83.5400000001,B,2011-06-16 15:52:49.193000,2011-06-16,6400,163000.0,367.91413071,8.5408851843,3.7629849165,0.023214344,163000.0,164000.0,163000.0,0
49784289,False,0,0,0,100,57169357000,83.5400000001,B,2011-06-16 15:52:49.357000,2011-06-16,6500,164000.0,345.083725597,8.0108923068,3.7629849165,0.023214344,164000.0,173000.0,164000.0,0
49784290,False,0,0,0,100,57169530000,83.5400000001,B,2011-06-16 15:52:49.530000,2011-06-16,6600,173000.0,322.534125286,7.4874181287,3.7629849165,0.023214344,173000.0,167000.0,167000.0,0
49784291,False,0,0,0,100,57169697000,83.5400000001,B,2011-06-16 15:52:49.697000,2011-06-16,6700,167000.0,302.165406318,7.0145716802,3.7629849165,0.023214344,167000.0,206000.0,167000.0,0
49784292,False,0,0,0,100,57169903000,83.5400000001,B,2011-06-16 15:52:49.903000,2011-06-16,6800,206000.0,278.803106293,6.4722312113,3.7629849165,0.023214344,206000.0,174000.0,174000.0,0
49784293,False,0,0,0,100,57170077000,83.5400000001,B,2011-06-16 15:52:50.077000,2011-06-16,6900,174000.0,260.482862083,6.0469387605,3.7629849165,0.023214344,174000.0,123000.0,123000.0,0
49784294,False,0,0,0,100,57170200000,83.5400000001,B,2011-06-16 15:52:50.200000,2011-06-16,7000,123000.0,248.263379187,5.7632714813,3.7629849165,0.023214344,123000.0,1110000.0,123000.0,0
49784295,False,0,0,0,58,57171310000,83.5200000001,B,2011-06-16 15:52:51.310000,2011-06-16,7058,1110000.0,160.918245724,3.7356115084,3.7629849165,0.023214344,1110000.0,2190000.0,1110000.0,0
49784301,False,0,0,0,100,57173500000,83.5300000001,B,2011-06-16 15:52:53.500000,2011-06-16,7158,500000.0,68.4037532692,988.681023136,-2.67094406006,14.4536078195,2190000.0,5383000.0,2190000.0,0
49784300,True,0,0,0,100,57178883000,83.5300000001,B,2011-06-16 15:52:58.883000,2011-06-16,7258,883000.0,8.353606155,13715.5691221,-7.40359360875,1641.87404429,5383000.0,17000.0,17000.0,2
49784302,True,0,0,0,100,57178900000,83.5300000001,B,2011-06-16 15:52:58.900000,2011-06-16,7358,17000.0,8.2983167703,13624.7909165,-7.40359360875,1641.87404429,17000.0,17000.0,17000.0,2
49784304,True,0,0,0,100,57178917000,83.5300000001,B,2011-06-16 15:52:58.917000,2011-06-16,7458,17000.0,8.2433933253,13534.6135378,-7.40359360875,1641.87404429,17000.0,12939133000.0,17000.0,2
49784305,False,0,800,0,0,57178970000,83.5400000001,S,2011-06-16 15:52:58.970000,2011-06-16,6658,53000.0,8.0744838332,13257.2854267,-7.40359360875,1641.87404429,1046373000.0,487000.0,487000.0,1
49784309,False,0,200,0,0,57179457000,83.5300000001,S,2011-06-16 15:52:59.457000,2011-06-16,6458,457000.0,6.6757033564,12633.6860408,-7.54564752283,1892.48763259,487000.0,3736000.0,487000.0,1
49784326,False,0,500,0,0,57183193000,83.4500000001,S,2011-06-16 15:53:03.193000,2011-06-16,5958,193000.0,1.5513097444,20491.7391813,-9.48867754667,13209.315068,3736000.0,1097000.0,1097000.0,1
49784334,False,0,300,0,0,57184290000,83.4400000001,S,2011-06-16 15:53:04.290000,2011-06-16,5658,1097000.0,1.0106401536,13349.8642087,-9.48867754667,13209.315068,1097000.0,673000.0,673000.0,1
49784338,False,0,200,0,0,57184963000,83.4300000001,S,2011-06-16 15:53:04.963000,2011-06-16,5458,673000.0,0.7770064096,10263.7224739,-9.48867754667,13209.315068,673000.0,1440000.0,673000.0,1
49784346,False,0,2000,0,0,57186403000,83.4000000001,S,2011-06-16 15:53:06.403000,2011-06-16,3458,1440000.0,0.4427249069,5848.09278345,-9.48867754667,13209.315068,1440000.0,180000.0,180000.0,1
49784347,False,0,2000,0,0,57186583000,83.4000000001,S,2011-06-16 15:53:06.583000,2011-06-16,1458,180000.0,0.4126649891,5451.021859,-9.48867754667,13209.315068,180000.0,8667000.0,180000.0,1
49784352,False,0,1400,0,0,57195250000,83.4500000001,S,2011-06-16 15:53:15.250000,2011-06-16,58,8667000.0,0.0139724736,184.566806381,-9.48867754667,13209.315068,8667000.0,3383000.0,3383000.0,1
49784358,False,0,58,0,0,57198633000,83.4400000001,S,2011-06-16 15:53:18.633000,2011-06-16,0,3383000.0,0.0037270046,49.2311777619,-9.48867754667,13209.315068,3383000.0,12840270000.0,3383000.0,1
49787702,False,0,0,0,1000,30635780000,86.0500000001,B,2011-06-17 08:30:35.780000,2011-06-17,1000,,0.0,0.0,0.0,inf,12939133000.0,750000.0,750000.0,0
49787703,False,0,0,0,1000,30636530000,86.0500000001,B,2011-06-17 08:30:36.530000,2011-06-17,2000,750000.0,0.0,0.0,0.0,inf,750000.0,3280000.0,750000.0,0
49787705,False,0,0,0,100,30639810000,86.1900000001,B,2011-06-17 08:30:39.810000,2011-06-17,2100,3280000.0,0.0,0.0,0.0,inf,3280000.0,453000.0,453000.0,0
49787706,False,0,0,0,100,30640263000,86.1900000001,B,2011-06-17 08:30:40.263000,2011-06-17,2200,453000.0,0.0,0.0,0.0,inf,453000.0,897000.0,453000.0,0
49787707,False,0,0,0,100,30641160000,86.1500000001,B,2011-06-17 08:30:41.160000,2011-06-17,2300,897000.0,0.0,0.0,0.0,inf,897000.0,653000.0,653000.0,0
49787709,False,0,0,0,100,30641813000,86.2500000001,B,2011-06-17 08:30:41.813000,2011-06-17,2400,653000.0,0.0,0.0,0.0,inf,653000.0,540000.0,540000.0,0
49787712,False,0,0,0,100,30642353000,86.2500000001,B,2011-06-17 08:30:42.353000,2011-06-17,2500,540000.0,0.0,0.0,0.0,inf,540000.0,16004000.0,540000.0,0
49787728,False,0,0,0,100,30658357000,86.2300000001,B,2011-06-17 08:30:58.357000,2011-06-17,2600,357000.0,440.353425487,0.0,632.785070939,0.0,16004000.0,3313000.0,3313000.0,0
49787731,False,0,0,0,100,30661670000,86.2300000001,B,2011-06-17 08:31:01.670000,2011-06-17,2700,1670000.0,264.345907002,0.0,632.785070939,0.0,3313000.0,3000.0,3000.0,0
49787734,False,0,0,0,100,30661673000,86.2300000001,B,2011-06-17 08:31:01.673000,2011-06-17,2800,3000.0,264.132810757,0.0,632.785070939,0.0,3000.0,24000.0,3000.0,0
49787732,False,0,0,0,69,30661697000,86.2300000001,B,2011-06-17 08:31:01.697000,2011-06-17,2869,24000.0,262.434213345,0.0,632.785070939,0.0,24000.0,345146000.0,24000.0,0
49787717,True,0,2500,0,0,30673523000,86.2500000001,S,2011-06-17 08:31:13.523000,2011-06-17,369,3523000.0,1577.0021106,0.0,632.785070939,0.0,12840270000.0,18704000.0,18704000.0,3
49787747,True,0,69,0,0,30692227000,86.1500000001,S,2011-06-17 08:31:32.227000,2011-06-17,300,1227000.0,303.344210932,0.0,632.785070939,0.0,18704000.0,1603000.0,1603000.0,3
49787745,True,0,300,0,0,30693830000,86.1500000001,S,2011-06-17 08:31:33.830000,2011-06-17,0,1603000.0,197.147896736,0.0,632.785070939,0.0,1603000.0,291890000.0,1603000.0,3
49787801,False,0,672,0,0,30985720000,86.1000000001,S,2011-06-17 08:36:25.720000,2011-06-17,-672,1720000.0,1.65139998561e-32,80.6133825654,-77.570764244,4.88151769817e+33,291890000.0,25030000.0,25030000.0,1
49787812,False,0,0,0,200,31006843000,86.0100000001,B,2011-06-17 08:36:46.843000,2011-06-17,-472,2843000.0,82.396702181,93.6053083769,-0.127541681215,1.1360322185,345146000.0,42547000.0,42547000.0,0
49787816,False,0,100,0,0,31010750000,86.0300000001,S,2011-06-17 08:36:50.750000,2011-06-17,-572,3907000.0,28.8259665381,32.747226717,-0.127541681215,1.1360322185,25030000.0,8857000.0,8857000.0,1
49787817,False,0,100,0,0,31019607000,86.0300000001,S,2011-06-17 08:36:59.607000,2011-06-17,-672,6607000.0,19.5955533153,3.0280059471,1.86739836922,0.1545251567,8857000.0,28276000.0,8857000.0,1
49787832,False,0,100,0,0,31047883000,86.0100000001,S,2011-06-17 08:37:27.883000,2011-06-17,-772,15883000.0,2.5075434652,3.7942171016,-0.414174517496,1.5131211699,28276000.0,1650000.0,1650000.0,1
49787829,False,0,0,0,300,31049390000,86.0000000001,B,2011-06-17 08:37:29.390000,2011-06-17,-472,1507000.0,1.6722935173,2.5303827233,-0.414174517496,1.5131211699,42547000.0,26687000.0,26687000.0,0
49787831,False,0,100,0,0,31049533000,86.0100000001,S,2011-06-17 08:37:29.533000,2011-06-17,-572,143000.0,1.6092290086,2.4349584802,-0.414174517496,1.5131211699,1650000.0,4000.0,4000.0,1
49787833,False,0,100,0,0,31049537000,86.0100000001,S,2011-06-17 08:37:29.537000,2011-06-17,-672,4000.0,1.6074995848,2.4323416524,-0.414174517496,1.5131211699,4000.0,12840270000.0,4000.0,1
49787840,False,0,0,0,200,31076077000,86.0100000001,B,2011-06-17 08:37:56.077000,2011-06-17,-472,10077000.0,10.9794697773,0.7333893855,2.70610564156,0.0667964301,26687000.0,18636000.0,18636000.0,0
49787842,False,0,0,0,400,31094713000,86.0000000001,B,2011-06-17 08:38:14.713000,2011-06-17,-72,7713000.0,9.1279219027,3.2844139399,1.02214982561,0.3598205566,18636000.0,12939133000.0,18636000.0,0
